6,  OLUFEMI,,ADELEKE,MALE,MARRIED,AA,2014-06-24 14:29:40.000,A,15 IFEOLUWA STREET MAGODO,SHANGISHA,IKEJA,LAGOS,NIGERIA,,08028518339,,,,080333333333,,YES,YES,YES,BUSINSESS OWNER,STUDIO DE RENAISSANCE LIMITED,SHANGISHA,08023676192,ARCITECTURE,2014-06-30 14:29:40.000,,,,RESEARCH,,GRADUATE,LADOKE AKINTOLA UNIVERSITY OGBOMOSHO,ARCHITECTURE,MSC,,,,,,,,,,,,NULL,NULL,NULL
12,  ANGELA,OLAROTIMI,AZUBIKE,FEMALE,MARRIED,,2014-12-29 13:29:43.000,,AAAAAAAAAAAAAAAA,DDDDDDDDDDDDDDDDDDDDDDDDDDDDDD,AGEGE,LAGOS,NIGERIA,,080666653553,,,,,,YES,YES,NO,SELF EMPLOYED,,,,,2014-12-29 13:29:43.000,,,,LEARNING and GROWTH,AAAAAAAAAAAAAAAA,,,,,,,,,,,,,,,,NULL,NULL,NULL
8,  AKINWALE,JOHNSON,KWAME,MALE,MARRIED,,1975-11-28 10:25:31.000,,AAAAAAAAAAAAAA,BBBBBBBBBBBBBBBBBBBB,EPE,LAGOS,NIGERIA,,080955555555555,,,,,,YES,NO,YES,,,,,,2014-12-29 10:25:31.000,,,,CHURCH WARDEN,,,,,,,,,,,,,,,,,NULL,NULL,NULL
9,  AMUCHE,OBI,MALAIKA,MALE,MARRIED,,1993-12-30 11:35:00.000,,AAAAAAAAAAAAAAAAAAAA,AAAAAAAAAAAAAAAAAAAAAAAAAAAAA,APAPA,LAGOS,NIGERIA,,0805666666,,,,,,YES,YES,YES,,,,,,2014-12-29 11:35:00.000,,,,BIBLE CELL,,,,,,,,,,,,,,,,,NULL,NULL,NULL
11,ABAYOMI,COLE,OGUNIYI,MALE,MARRIED,,1969-12-31 00:00:00.000,,DDDDDDDDDDDDDDDDDD,FFFFFFFFFFFFFFFFFFFFFFFFFFFFF,IFAKO-IJAIYE,LAGOS,NIGERIA,,07096666666,,,,,,YES,YES,NO,BUSINSESS OWNER,,,,,2014-12-29 11:42:50.000,,,,CHURCH WARDEN,,,,,,,,,,,,,,,,,NULL,NULL,NULL
5,OLUGA,,SAM,MALE,MARRIED,AA,2014-09-27 14:43:56.000,A,12 JOHN STREET,,OFF UNITY ROAD,EGBEDA  AKOWONJO,LAGOS,NIGERIA,,08033271195,,,,,,YES,YES,YES,EMPLOYEE,IBM,PLOT 1617 KARIMU KOTUN STREET,01-4626300,SOFTWARE ENGINEERING,2014-06-24 14:43:55.000,,,,ICT,COOL,GRADUATE,OLABIS ONABANJO UNIVERSITY,MICROBIOLOGY,BSC,,,,,,,,,,,,NULL,NULL,NULL
15,  OLATEJU,OMOTAYO,SHADA,FEMALE,MARRIED,AA,1978-03-21 21:33:43.000,A,15 ADESOLA  AKANDE STREET OFF INUOBIMI STREET,AAAAAAAAAAAAAAAAAAAAAA,IFAKO-IJAIYE,LAGOS,NIGERIA,,08033235419,,,,08037148365,,YES,YES,NO,EMPLOYEE,GT BANK PLC,VI,22222,BANKING,2015-03-21 21:33:43.000,,,,LEARNING and GROWTH,,,,,,,,,,,,,,,,,NULL,NULL,NULL
1,AKINGBOLADE,TAIWO,SHADA,MALE,MARRIED,AA,2014-09-27 14:43:56.000,A,15 ADESOLA AKANDE STREET, OFF INUOBIMI STREET,,OFF COLLEGE  RD, OFF OYEMEKUN BUSTOP,IFAKO-IJAIYE,LAGOS,NIGERIA,,08037148365,,,,08033235419,08124646686,YES,YES,YES,EMPLOYEE,IBM,PLOT 1617 KARIMU KOTUN STREET,01-4626300,SOFTWARE ENGINEERING,2014-06-24 14:43:55.000,,,,ICT,EASY,GRADUATE,UNIVERSITY OF  LAGOS,STATISTICS,MSC,,GRADUATE,FEDERAL UNIVERSITY OF TECHNOLOGY MINNA,MATHEMATIC WITH COMPUTER SCIENCE,BTECH,,,,,,,NULL,NULL,NULL
16,  THEOPHILUS,,SHOBOWALE,MALE,MARRIED,AA,1966-04-23 12:13:00.000,A,20, RUFAI STREET, IJOKO,SANGO,ADO-ODO/OTA,OGUN,NIGERIA,,09051376869,,,,08086061350,,YES,YES,YES,BUSINSESS OWNER,,,,,2015-03-22 12:13:00.000,,,,EVANGELICAL,,,,,,,,,,,,,,,,,NULL,NULL,NULL
7,OLUFEMI,MICHAEL,SOYEMI,MALE,MARRIED,AA,2014-12-29 10:12:36.000,A,AAAAAAAAAAAAAAAAAAA,AAAAAAAAAAAAAAAAAAAAAAAAAAAAAAAAAA,APAPA,LAGOS,NIGERIA,12333333333,080322222222,,,,,,YES,NO,YES,,,,,,2014-12-29 10:12:36.000,,,,,,GRADUATE,,,,,,,,,,,,,,,NULL,NULL,NULL
10,OLUFEMI,KAYODE,WILLIAMS,MALE,MARRIED,,2014-12-29 11:38:33.000,,VVVVVVVVVVVVVVVVVVVVVV,GGGGGGGGGGGGGGGGGGGGGGGG,ETI OSA,LAGOS,NIGERIA,,080987777777,,,,,,YES,YES,NO,SELF EMPLOYED,,,,,2014-12-29 11:38:33.000,,,,CHURCH WARDEN,,,,,,,,,,,,,,,,,NULL,NULL,NULL
