1,ICT,INFORMATION AND COMMUNICATION TECHNLOGY,I,SEC
2,EVA,EVANGELISM AND OUTREACH,I,PST
3,INT,INTERPRETERS,I,PST
4,USH,USHERS,I,PST
5,LRN,LEARNING AND GROWTH,I,PST
6,CHR,SONGS OF PRAISE (CHOIR),I,PST
7,WDN,WARDEN,I,PST
8,TRS,TREASURY,I,FIN
9,DISCCO,DISCIPLINARY COMMITTE,A,OTSHEP
10,LEGALC,LEGAL/COMPLIANCE,A,OTSHEP
11,SECURI,SECURITY & INTELLIGENCE,A,OTSHEP
12,INTERNA,INTERNAL AUDIT,A,OTSHEP
13,TEACHE,TEACHING & EVANGELICAL,A,OTDSHE
14,BRANCH,BRANCH CELL GROWTH & DEVELOPMENT,A,OTDSHE
15,VISION,VISION RECORDING,A,OTDSHE
16,DANIEL,DANIEL/INTERCESSORY PRAYER,A,OTDSHE
17,LEARNI,LERNING & GROWTH,A,OTSECE
18,SECRET,THE SECRETARIAT,A,OTSECE
19,TECHNI,TECHNICAL,A,OTSECE
20,CAREUN,CARE UNIT,A,OTSECE
21,MAINTE,MAINTENANCE,A,OTSECE
22,BUSINE,BUSINESS COUNCIL,A,OTSECE
23,INFOTE,INFORMATION COMMUNICATION TECHNOLOGY,A,OTSECE
24,PROGRA,PROGRAMMES UNIT,A,OTPREL
25,PUBLIC,PUBLIC RELATIONS UNIT,A,OTPREL
26,CHILDR,CHILDREN"S UNIT,A,OTPREL
27,INTERP,INTERPRETERS UNIT,A,OTPREL
28,USHERS,USHERS,A,OTPREL
29,HEALTH,HEALTH/MEDICAL,A,OTPREL
30,CHRIST,CHRISTIAN RELATIONSHIP MANAGEMENT,A,OTPREL
31,RESEAR,RESEARCH AND PUBLICATIONS,A,OTPREL
32,FINANC,FINANCE,A,FINANC
33,CHOIRS,SONGS OF PRAISE (CHOIRS),A,CHOIRS
34,WARDEN,WARDENS ,A,WARDEN
35,SANCTU,SANCTUARY KEEPERS ,A,WARDEN
36,DEACON,COMMITTE OF DEACONS ,A,ADHOCE
37,FAMDAY,FAMILY DAY COMMITTE,A,ADHOCE
38,HARVEST,HARVEST COMMITTE,A,ADHOCE
