3,SON,1,  IFEOLUWA,TAIWO,SHADA,MALE,,2014-12-29 18:16:10.000,,,08012222222,,,,YES,YES,NO,,,,,,2014-12-29 18:16:10.000,,,,EVANGELICAL,,,,,,,,,,,,,,,,,NULL,NULL,NULL
7,BROTHER,1,  SUNNY,WALE,SHADA,MALE,,1965-12-01 11:50:25.000,,,0797890009377,,,,YES,YES,YES,SELF EMPLOYED,,,,,2014-12-30 11:50:25.000,,,,EVANGELICAL,,,,,,,,,,,,,,,,,NULL,NULL,NULL
1,SON,1, IFEOLUWA,TAIWO,SHADA,MALE,,2014-12-29 18:16:10.000,,,08012222222,,,,YES,YES,NO,,,,,,2014-12-29 18:16:10.000,,,,EVANGELICAL,,,,,,,,,,,,,,,,,NULL,NULL,NULL
4,SON,1,ANUOLUWAPOSIMI,KEHINDE,SHADA,MALE,,2014-12-29 18:18:54.000,,,0803777782222,,,,YES,YES,YES,,,,,,2014-12-29 18:18:54.000,,,,ICT,,,,,,,,,,,,,,,,,NULL,NULL,NULL
10,SON,1,OLUWASEUN,EMMANUEL,SHADA,MALE,AA,2016-01-20 10:35:57.000,A,,08037148365,,,,YES,YES,YES,,,,,,2015-03-20 10:35:56.000,,,,EVANGELICAL,,,,,,,,,,,,,,,,,NULL,NULL,NULL
8,GUARDIAN,5,  GGGGGGG,,TTTTTTTTTTTTTTTT,FEMALE,,2014-12-30 14:13:42.000,,,0804443333,,,,YES,YES,YES,,,,,,2014-12-30 14:13:42.000,,,,EVANGELICAL,,,,,,,,,,,,,,,,,NULL,NULL,NULL
5,SON,7,  OMOTUNDE,JOHN,SOYEMI,MALE,,2000-12-01 11:38:24.000,,,0803222222222,,,,YES,YES,YES,,,,,,2014-12-30 11:38:24.000,,,,EVANGELICAL,,,,,,,,,,,,,,,,,NULL,NULL,NULL
6,SON,7,OLUDELE,FRANCIS,SOYEMI,MALE,,2003-12-30 11:41:43.000,,,08032222222,,,,YES,YES,YES,,,,,,2014-12-30 11:41:43.000,,,,SONGS OF PRAISE,,,,,,,,,,,,,,,,,NULL,NULL,NULL
9,DAUGHTER,8,AGATHA,AGNES,KWAME,FEMALE,,1990-02-02 08:55:44.000,,,0242555222,,,,YES,NO,YES,,,,,,2015-03-02 08:55:44.000,,,,EVANGELICAL,,STUDENT,UNIVERSITY OF GHANA LEGON,MATHS,Bsc,100,,,,,,,,,,,NULL,NULL,NULL
