21,AreYouBaptizedByHolySpirit,CHURCHMEMBERS
20,AreYouBaptizedByImmersion,CHURCHMEMBERS
19,AreYouBornAgain,CHURCHMEMBERS
11,Country,CHURCHMEMBERS
28,CourseOfStudy1,CHURCHMEMBERS
29,CourseOfStudy2,CHURCHMEMBERS
23,DateJoined,CHURCHMEMBERS
6,DateOfBirth,CHURCHMEMBERS
30,emailaddress1,CHURCHMEMBERS
31,emailaddress2,CHURCHMEMBERS
32,emailaddress3,CHURCHMEMBERS
22,EmploymentStatus,CHURCHMEMBERS
1,Firstname,CHURCHMEMBERS
3,Gender,CHURCHMEMBERS
5,Genotype,CHURCHMEMBERS
24,Hobbies,CHURCHMEMBERS
2,Lastname,CHURCHMEMBERS
9,LGACounty,CHURCHMEMBERS
4,MaritalStatus,CHURCHMEMBERS
33,member_id,CHURCHMEMBERS
13,MobileNumber1,CHURCHMEMBERS
14,MobileNumber2,CHURCHMEMBERS
15,MobileNumber3,CHURCHMEMBERS
16,MobileNumber4,CHURCHMEMBERS
27,PreferredGroup,CHURCHMEMBERS
25,SpecialSkills,CHURCHMEMBERS
26,SpiritualGifts,CHURCHMEMBERS
17,SpouseMobileNumber1,CHURCHMEMBERS
18,SpouseMobileNumber2,CHURCHMEMBERS
10,State,CHURCHMEMBERS
7,Street1,CHURCHMEMBERS
8,Street2,CHURCHMEMBERS
12,TiteCardNo,CHURCHMEMBERS
