﻿lga_id,Country,State,lga
1,NIGERIA,ABIA ,ABA NORTH
2,NIGERIA,ABIA ,ABA SOUTH
3,NIGERIA,ABIA ,AROCHUKWU
4,NIGERIA,ABIA ,BENDE
5,NIGERIA,ABIA ,IKWUANO
6,NIGERIA,ABIA ,ISIALA NGWA NORTH
7,NIGERIA,ABIA ,ISIALA NGWA SOUTH
8,NIGERIA,ABIA ,ISUIKWUATO
9,NIGERIA,ABIA ,OBI NGWA
10,NIGERIA,ABIA ,OHAFIA
11,NIGERIA,ABIA ,OSISIOMA
12,NIGERIA,ABIA ,UGWUNAGBO
13,NIGERIA,ABIA ,UKWA EAST
14,NIGERIA,ABIA ,UKWA WEST
15,NIGERIA,ABIA ,UMU NNEOCHI
16,NIGERIA,ABIA ,UMUAHIA NORTH
17,NIGERIA,ABIA ,UMUAHIA SOUTH
18,GHANA,Accra,Osu
19,NIGERIA,ADAMAWA ,DEMSA
20,NIGERIA,ADAMAWA ,FUFURE
21,NIGERIA,ADAMAWA ,GANYE
22,NIGERIA,ADAMAWA ,GAYUK
23,NIGERIA,ADAMAWA ,GOMBI
24,NIGERIA,ADAMAWA ,GRIE
25,NIGERIA,ADAMAWA ,HONG
26,NIGERIA,ADAMAWA ,JADA
27,NIGERIA,ADAMAWA ,LAMURDE
28,NIGERIA,ADAMAWA ,MADAGALI
29,NIGERIA,ADAMAWA ,MAIHA
30,NIGERIA,ADAMAWA ,MAYO BELWA
31,NIGERIA,ADAMAWA ,MICHIKA
32,NIGERIA,ADAMAWA ,MUBI NORTH
33,NIGERIA,ADAMAWA ,MUBI SOUTH
34,NIGERIA,ADAMAWA ,NUMAN
35,NIGERIA,ADAMAWA ,SHELLENG
36,NIGERIA,ADAMAWA ,SONG
37,NIGERIA,ADAMAWA ,TOUNGO
38,NIGERIA,ADAMAWA ,YOLA NORTH
39,NIGERIA,ADAMAWA ,YOLA SOUTH
40,NIGERIA,AKWA IBOM ,ABAK
41,NIGERIA,AKWA IBOM ,EASTERN OBOLO
42,NIGERIA,AKWA IBOM ,EKET
43,NIGERIA,AKWA IBOM ,ESIT EKET
44,NIGERIA,AKWA IBOM ,ESSIEN UDIM
45,NIGERIA,AKWA IBOM ,ETIM EKPO
46,NIGERIA,AKWA IBOM ,ETINAN
47,NIGERIA,AKWA IBOM ,IBENO
48,NIGERIA,AKWA IBOM ,IBESIKPO ASUTAN
49,NIGERIA,AKWA IBOM ,IBIONO-IBOM
50,NIGERIA,AKWA IBOM ,IKA
51,NIGERIA,AKWA IBOM ,IKONO
52,NIGERIA,AKWA IBOM ,IKOT ABASI
53,NIGERIA,AKWA IBOM ,IKOT EKPENE
54,NIGERIA,AKWA IBOM ,INI
55,NIGERIA,AKWA IBOM ,ITU
56,NIGERIA,AKWA IBOM ,MBO
57,NIGERIA,AKWA IBOM ,MKPAT-ENIN
58,NIGERIA,AKWA IBOM ,NSIT-ATAI
59,NIGERIA,AKWA IBOM ,NSIT-IBOM
60,NIGERIA,AKWA IBOM ,NSIT-UBIUM
61,NIGERIA,AKWA IBOM ,OBOT AKARA
62,NIGERIA,AKWA IBOM ,OKOBO
63,NIGERIA,AKWA IBOM ,ONNA
64,NIGERIA,AKWA IBOM ,ORON
65,NIGERIA,AKWA IBOM ,ORUK ANAM
66,NIGERIA,AKWA IBOM ,UDUNG-UKO
67,NIGERIA,AKWA IBOM ,UKANAFUN
68,NIGERIA,AKWA IBOM ,URUAN
69,NIGERIA,AKWA IBOM ,URUE-OFFONG/ORUKO
70,NIGERIA,AKWA IBOM ,UYO
71,NIGERIA,ANAMBRA ,AGUATA
72,NIGERIA,ANAMBRA ,ANAMBRA EAST
73,NIGERIA,ANAMBRA ,ANAMBRA WEST
74,NIGERIA,ANAMBRA ,ANAOCHA
75,NIGERIA,ANAMBRA ,AWKA NORTH
76,NIGERIA,ANAMBRA ,AWKA SOUTH
77,NIGERIA,ANAMBRA ,AYAMELUM
78,NIGERIA,ANAMBRA ,DUNUKOFIA
79,NIGERIA,ANAMBRA ,EKWUSIGO
80,NIGERIA,ANAMBRA ,IDEMILI NORTH
81,NIGERIA,ANAMBRA ,IDEMILI SOUTH
82,NIGERIA,ANAMBRA ,IHIALA
83,NIGERIA,ANAMBRA ,NJIKOKA
84,NIGERIA,ANAMBRA ,NNEWI NORTH
85,NIGERIA,ANAMBRA ,NNEWI SOUTH
86,NIGERIA,ANAMBRA ,OGBARU
87,NIGERIA,ANAMBRA ,ONITSHA NORTH
88,NIGERIA,ANAMBRA ,ONITSHA SOUTH
89,NIGERIA,ANAMBRA ,ORUMBA NORTH
90,NIGERIA,ANAMBRA ,ORUMBA SOUTH
91,NIGERIA,ANAMBRA ,OYI
92,NIGERIA,BAUCHI ,ALKALERI
93,NIGERIA,BAUCHI ,BAUCHI
94,NIGERIA,BAUCHI ,BOGORO
95,NIGERIA,BAUCHI ,DAMBAN
96,NIGERIA,BAUCHI ,DARAZO
97,NIGERIA,BAUCHI ,DASS
98,NIGERIA,BAUCHI ,GAMAWA
99,NIGERIA,BAUCHI ,GANJUWA
100,NIGERIA,BAUCHI ,GIADE
101,NIGERIA,BAUCHI ,ITAS/GADAU
102,NIGERIA,BAUCHI ,JAMA'ARE
103,NIGERIA,BAUCHI ,KATAGUM
104,NIGERIA,BAUCHI ,KIRFI
105,NIGERIA,BAUCHI ,MISAU
106,NIGERIA,BAUCHI ,NINGI
107,NIGERIA,BAUCHI ,SHIRA
108,NIGERIA,BAUCHI ,TAFAWA BALEWA
109,NIGERIA,BAUCHI ,TORO
110,NIGERIA,BAUCHI ,WARJI
111,NIGERIA,BAUCHI ,ZAKI
112,NIGERIA,BAYELSA ,BRASS
113,NIGERIA,BAYELSA ,EKEREMOR
114,NIGERIA,BAYELSA ,KOLOKUMA/OPOKUMA
115,NIGERIA,BAYELSA ,NEMBE
116,NIGERIA,BAYELSA ,OGBIA
117,NIGERIA,BAYELSA ,SAGBAMA
118,NIGERIA,BAYELSA ,SOUTHERN IJAW
119,NIGERIA,BAYELSA ,YENAGOA
120,NIGERIA,BENUE ,ADO
121,NIGERIA,BENUE ,AGATU
122,NIGERIA,BENUE ,APA
123,NIGERIA,BENUE ,BURUKU
124,NIGERIA,BENUE ,GBOKO
125,NIGERIA,BENUE ,GUMA
126,NIGERIA,BENUE ,GWER EAST
127,NIGERIA,BENUE ,GWER WEST
128,NIGERIA,BENUE ,KATSINA-ALA
129,NIGERIA,BENUE ,KONSHISHA
130,NIGERIA,BENUE ,KWANDE
131,NIGERIA,BENUE ,LOGO
132,NIGERIA,BENUE ,MAKURDI
133,NIGERIA,BENUE ,OBI
134,NIGERIA,BENUE ,OGBADIBO
135,NIGERIA,BENUE ,OHIMINI
136,NIGERIA,BENUE ,OJU
137,NIGERIA,BENUE ,OKPOKWU
138,NIGERIA,BENUE ,OTURKPO
139,NIGERIA,BENUE ,TARKA
140,NIGERIA,BENUE ,UKUM
141,NIGERIA,BENUE ,USHONGO
142,NIGERIA,BENUE ,VANDEIKYA
143,NIGERIA,BORNO ,ABADAM
144,NIGERIA,BORNO ,ASKIRA/UBA
145,NIGERIA,BORNO ,BAMA
146,NIGERIA,BORNO ,BAYO
147,NIGERIA,BORNO ,BIU
148,NIGERIA,BORNO ,CHIBOK
149,NIGERIA,BORNO ,DAMBOA
150,NIGERIA,BORNO ,DIKWA
151,NIGERIA,BORNO ,GUBIO
152,NIGERIA,BORNO ,GUZAMALA
153,NIGERIA,BORNO ,GWOZA
154,NIGERIA,BORNO ,HAWUL
155,NIGERIA,BORNO ,JERE
156,NIGERIA,BORNO ,KAGA
157,NIGERIA,BORNO ,KALA/BALGE
158,NIGERIA,BORNO ,KONDUGA
159,NIGERIA,BORNO ,KUKAWA
160,NIGERIA,BORNO ,KWAYA KUSAR
161,NIGERIA,BORNO ,MAFA
162,NIGERIA,BORNO ,MAGUMERI
163,NIGERIA,BORNO ,MAIDUGURI
164,NIGERIA,BORNO ,MARTE
165,NIGERIA,BORNO ,MOBBAR
166,NIGERIA,BORNO ,MONGUNO
167,NIGERIA,BORNO ,NGALA
168,NIGERIA,BORNO ,NGANZAI
169,NIGERIA,BORNO ,SHANI
170,NIGERIA,CROSS RIVER ,ABI
171,NIGERIA,CROSS RIVER ,AKAMKPA
172,NIGERIA,CROSS RIVER ,AKPABUYO
173,NIGERIA,CROSS RIVER ,BAKASSI
174,NIGERIA,CROSS RIVER ,BEKWARRA
175,NIGERIA,CROSS RIVER ,BIASE
176,NIGERIA,CROSS RIVER ,BOKI
177,NIGERIA,CROSS RIVER ,CALABAR MUNICIPAL
178,NIGERIA,CROSS RIVER ,CALABAR SOUTH
179,NIGERIA,CROSS RIVER ,ETUNG
180,NIGERIA,CROSS RIVER ,IKOM
181,NIGERIA,CROSS RIVER ,OBANLIKU
182,NIGERIA,CROSS RIVER ,OBUBRA
183,NIGERIA,CROSS RIVER ,OBUDU
184,NIGERIA,CROSS RIVER ,ODUKPANI
185,NIGERIA,CROSS RIVER ,OGOJA
186,NIGERIA,CROSS RIVER ,YAKUUR
187,NIGERIA,CROSS RIVER ,YALA
188,NIGERIA,DELTA ,ANIOCHA NORTH
189,NIGERIA,DELTA ,ANIOCHA SOUTH
190,NIGERIA,DELTA ,BOMADI
191,NIGERIA,DELTA ,BURUTU
192,NIGERIA,DELTA ,ETHIOPE EAST
193,NIGERIA,DELTA ,ETHIOPE WEST
194,NIGERIA,DELTA ,IKA NORTH EAST
195,NIGERIA,DELTA ,IKA SOUTH
196,NIGERIA,DELTA ,ISOKO NORTH
197,NIGERIA,DELTA ,ISOKO SOUTH
198,NIGERIA,DELTA ,NDOKWA EAST
199,NIGERIA,DELTA ,NDOKWA WEST
200,NIGERIA,DELTA ,OKPE
201,NIGERIA,DELTA ,OSHIMILI NORTH
202,NIGERIA,DELTA ,OSHIMILI SOUTH
203,NIGERIA,DELTA ,PATANI
204,NIGERIA,DELTA ,"SAPELE, DELTA"
205,NIGERIA,DELTA ,UDU
206,NIGERIA,DELTA ,UGHELLI NORTH
207,NIGERIA,DELTA ,UGHELLI SOUTH
208,NIGERIA,DELTA ,UKWUANI
209,NIGERIA,DELTA ,UVWIE
210,NIGERIA,DELTA ,WARRI NORTH
211,NIGERIA,DELTA ,WARRI SOUTH
212,NIGERIA,DELTA ,WARRI SOUTH WEST
213,NIGERIA,EBONYI ,ABAKALIKI
214,NIGERIA,EBONYI ,AFIKPO NORTH
215,NIGERIA,EBONYI ,AFIKPO SOUTH
216,NIGERIA,EBONYI ,EBONYI
217,NIGERIA,EBONYI ,EZZA NORTH
218,NIGERIA,EBONYI ,EZZA SOUTH
219,NIGERIA,EBONYI ,IKWO
220,NIGERIA,EBONYI ,ISHIELU
221,NIGERIA,EBONYI ,IVO
222,NIGERIA,EBONYI ,IZZI
223,NIGERIA,EBONYI ,OHAOZARA
224,NIGERIA,EBONYI ,OHAUKWU
225,NIGERIA,EBONYI ,ONICHA
226,NIGERIA,EDO ,AKOKO-EDO
227,NIGERIA,EDO ,EGOR
228,NIGERIA,EDO ,ESAN CENTRAL
229,NIGERIA,EDO ,ESAN NORTH-EAST
230,NIGERIA,EDO ,ESAN SOUTH-EAST
231,NIGERIA,EDO ,ESAN WEST
232,NIGERIA,EDO ,ETSAKO CENTRAL
233,NIGERIA,EDO ,ETSAKO EAST
234,NIGERIA,EDO ,ETSAKO WEST
235,NIGERIA,EDO ,IGUEBEN
236,NIGERIA,EDO ,IKPOBA OKHA
237,NIGERIA,EDO ,OREDO
238,NIGERIA,EDO ,ORHIONMWON
239,NIGERIA,EDO ,OVIA NORTH-EAST
240,NIGERIA,EDO ,OVIA SOUTH-WEST
241,NIGERIA,EDO ,OWAN EAST
242,NIGERIA,EDO ,OWAN WEST
243,NIGERIA,EDO ,UHUNMWONDE
244,NIGERIA,EKITI ,ADO EKITI
245,NIGERIA,EKITI ,EFON
246,NIGERIA,EKITI ,EKITI EAST
247,NIGERIA,EKITI ,EKITI SOUTH-WEST
248,NIGERIA,EKITI ,EKITI WEST
249,NIGERIA,EKITI ,EMURE
250,NIGERIA,EKITI ,GBONYIN
251,NIGERIA,EKITI ,IDO OSI
252,NIGERIA,EKITI ,IJERO
253,NIGERIA,EKITI ,IKERE
254,NIGERIA,EKITI ,IKOLE
255,NIGERIA,EKITI ,ILEJEMEJE
256,NIGERIA,EKITI ,IREPODUN/IFELODUN
257,NIGERIA,EKITI ,ISE/ORUN
258,NIGERIA,EKITI ,MOBA
259,NIGERIA,EKITI ,OYE
260,NIGERIA,ENUGU ,ANINRI
261,NIGERIA,ENUGU ,AWGU
262,NIGERIA,ENUGU ,ENUGU EAST
263,NIGERIA,ENUGU ,ENUGU NORTH
264,NIGERIA,ENUGU ,ENUGU SOUTH
265,NIGERIA,ENUGU ,EZEAGU
266,NIGERIA,ENUGU ,IGBO ETITI
267,NIGERIA,ENUGU ,IGBO EZE NORTH
268,NIGERIA,ENUGU ,IGBO EZE SOUTH
269,NIGERIA,ENUGU ,ISI UZO
270,NIGERIA,ENUGU ,NKANU EAST
271,NIGERIA,ENUGU ,NKANU WEST
272,NIGERIA,ENUGU ,NSUKKA
273,NIGERIA,ENUGU ,OJI RIVER
274,NIGERIA,ENUGU ,UDENU
275,NIGERIA,ENUGU ,UDI
276,NIGERIA,ENUGU ,UZO UWANI
277,NIGERIA,FCT,ABAJI
278,NIGERIA,FCT,BWARI
279,NIGERIA,FCT,GWAGWALADA
280,NIGERIA,FCT,KUJE
281,NIGERIA,FCT,KWALI
282,NIGERIA,FCT,MUNICIPAL AREA COUNCIL
283,NIGERIA,GOMBE ,AKKO
284,NIGERIA,GOMBE ,BALANGA
285,NIGERIA,GOMBE ,BILLIRI
286,NIGERIA,GOMBE ,DUKKU
287,NIGERIA,GOMBE ,FUNAKAYE
288,NIGERIA,GOMBE ,GOMBE
289,NIGERIA,GOMBE ,KALTUNGO
290,NIGERIA,GOMBE ,KWAMI
291,NIGERIA,GOMBE ,NAFADA
292,NIGERIA,GOMBE ,SHONGOM
293,NIGERIA,GOMBE ,YAMALTU/DEBA
294,NIGERIA,IMO ,ABOH MBAISE
295,NIGERIA,IMO ,AHIAZU MBAISE
296,NIGERIA,IMO ,EHIME MBANO
297,NIGERIA,IMO ,EZINIHITTE
298,NIGERIA,IMO ,IDEATO NORTH
299,NIGERIA,IMO ,IDEATO SOUTH
300,NIGERIA,IMO ,IHITTE/UBOMA
301,NIGERIA,IMO ,IKEDURU
302,NIGERIA,IMO ,ISIALA MBANO
303,NIGERIA,IMO ,ISU
304,NIGERIA,IMO ,MBAITOLI
305,NIGERIA,IMO ,NGOR OKPALA
306,NIGERIA,IMO ,NJABA
307,NIGERIA,IMO ,NKWERRE
308,NIGERIA,IMO ,NWANGELE
309,NIGERIA,IMO ,OBOWO
310,NIGERIA,IMO ,OGUTA
311,NIGERIA,IMO ,OHAJI/EGBEMA
312,NIGERIA,IMO ,OKIGWE
313,NIGERIA,IMO ,ORLU
314,NIGERIA,IMO ,ORSU
315,NIGERIA,IMO ,ORU EAST
316,NIGERIA,IMO ,ORU WEST
317,NIGERIA,IMO ,OWERRI MUNICIPAL
318,NIGERIA,IMO ,OWERRI NORTH
319,NIGERIA,IMO ,OWERRI WEST
320,NIGERIA,IMO ,UNUIMO
321,NIGERIA,JIGAWA ,AUYO
322,NIGERIA,JIGAWA ,BABURA
323,NIGERIA,JIGAWA ,BIRINIWA
324,NIGERIA,JIGAWA ,BIRNIN KUDU
325,NIGERIA,JIGAWA ,BUJI
326,NIGERIA,JIGAWA ,DUTSE
327,NIGERIA,JIGAWA ,GAGARAWA
328,NIGERIA,JIGAWA ,GARKI
329,NIGERIA,JIGAWA ,GUMEL
330,NIGERIA,JIGAWA ,GURI
331,NIGERIA,JIGAWA ,GWARAM
332,NIGERIA,JIGAWA ,GWIWA
333,NIGERIA,JIGAWA ,HADEJIA
334,NIGERIA,JIGAWA ,JAHUN
335,NIGERIA,JIGAWA ,KAFIN HAUSA
336,NIGERIA,JIGAWA ,KAUGAMA
337,NIGERIA,JIGAWA ,KAZAURE
338,NIGERIA,JIGAWA ,KIRI KASAMA
339,NIGERIA,JIGAWA ,KIYAWA
340,NIGERIA,JIGAWA ,MAIGATARI
341,NIGERIA,JIGAWA ,MALAM MADORI
342,NIGERIA,JIGAWA ,MIGA
343,NIGERIA,JIGAWA ,RINGIM
344,NIGERIA,JIGAWA ,RONI
345,NIGERIA,JIGAWA ,SULE TANKARKAR
346,NIGERIA,JIGAWA ,TAURA
347,NIGERIA,JIGAWA ,YANKWASHI
348,NIGERIA,KADUNA ,BIRNIN GWARI
349,NIGERIA,KADUNA ,CHIKUN
350,NIGERIA,KADUNA ,GIWA
351,NIGERIA,KADUNA ,IGABI
352,NIGERIA,KADUNA ,IKARA
353,NIGERIA,KADUNA ,JABA
354,NIGERIA,KADUNA ,JEMA'A
355,NIGERIA,KADUNA ,KACHIA
356,NIGERIA,KADUNA ,KADUNA NORTH
357,NIGERIA,KADUNA ,KADUNA SOUTH
358,NIGERIA,KADUNA ,KAGARKO
359,NIGERIA,KADUNA ,KAJURU
360,NIGERIA,KADUNA ,KAURA
361,NIGERIA,KADUNA ,KAURU
362,NIGERIA,KADUNA ,KUBAU
363,NIGERIA,KADUNA ,KUDAN
364,NIGERIA,KADUNA ,LERE
365,NIGERIA,KADUNA ,MAKARFI
366,NIGERIA,KADUNA ,SABON GARI
367,NIGERIA,KADUNA ,SANGA
368,NIGERIA,KADUNA ,SOBA
369,NIGERIA,KADUNA ,ZANGON KATAF
370,NIGERIA,KADUNA ,ZARIA
371,NIGERIA,KANO ,AJINGI
372,NIGERIA,KANO ,ALBASU
373,NIGERIA,KANO ,BAGWAI
374,NIGERIA,KANO ,BEBEJI
375,NIGERIA,KANO ,BICHI
376,NIGERIA,KANO ,BUNKURE
377,NIGERIA,KANO ,DALA
378,NIGERIA,KANO ,DAMBATTA
379,NIGERIA,KANO ,DAWAKIN KUDU
380,NIGERIA,KANO ,DAWAKIN TOFA
381,NIGERIA,KANO ,DOGUWA
382,NIGERIA,KANO ,FAGGE
383,NIGERIA,KANO ,GABASAWA
384,NIGERIA,KANO ,GARKO
385,NIGERIA,KANO ,GARUN MALLAM
386,NIGERIA,KANO ,GAYA
387,NIGERIA,KANO ,GEZAWA
388,NIGERIA,KANO ,GWALE
389,NIGERIA,KANO ,GWARZO
390,NIGERIA,KANO ,KABO
391,NIGERIA,KANO ,KANO MUNICIPAL
392,NIGERIA,KANO ,KARAYE
393,NIGERIA,KANO ,KIBIYA
394,NIGERIA,KANO ,KIRU
395,NIGERIA,KANO ,KUMBOTSO
396,NIGERIA,KANO ,KUNCHI
397,NIGERIA,KANO ,KURA
398,NIGERIA,KANO ,MADOBI
399,NIGERIA,KANO ,MAKODA
400,NIGERIA,KANO ,MINJIBIR
401,NIGERIA,KANO ,NASARAWA
402,NIGERIA,KANO ,RANO
403,NIGERIA,KANO ,RIMIN GADO
404,NIGERIA,KANO ,ROGO
405,NIGERIA,KANO ,SHANONO
406,NIGERIA,KANO ,SUMAILA
407,NIGERIA,KANO ,TAKAI
408,NIGERIA,KANO ,TARAUNI
409,NIGERIA,KANO ,TOFA
410,NIGERIA,KANO ,TSANYAWA
411,NIGERIA,KANO ,TUDUN WADA
412,NIGERIA,KANO ,UNGOGO
413,NIGERIA,KANO ,WARAWA
414,NIGERIA,KANO ,WUDIL
415,NIGERIA,KATSINA ,BAKORI
416,NIGERIA,KATSINA ,BATAGARAWA
417,NIGERIA,KATSINA ,BATSARI
418,NIGERIA,KATSINA ,BAURE
419,NIGERIA,KATSINA ,BINDAWA
420,NIGERIA,KATSINA ,CHARANCHI
421,NIGERIA,KATSINA ,DAN MUSA
422,NIGERIA,KATSINA ,DANDUME
423,NIGERIA,KATSINA ,DANJA
424,NIGERIA,KATSINA ,DAURA
425,NIGERIA,KATSINA ,DUTSI
426,NIGERIA,KATSINA ,DUTSIN MA
427,NIGERIA,KATSINA ,FASKARI
428,NIGERIA,KATSINA ,FUNTUA
429,NIGERIA,KATSINA ,INGAWA
430,NIGERIA,KATSINA ,JIBIA
431,NIGERIA,KATSINA ,KAFUR
432,NIGERIA,KATSINA ,KAITA
433,NIGERIA,KATSINA ,KANKARA
434,NIGERIA,KATSINA ,KANKIA
435,NIGERIA,KATSINA ,KATSINA
436,NIGERIA,KATSINA ,KURFI
437,NIGERIA,KATSINA ,KUSADA
438,NIGERIA,KATSINA ,MAI'ADUA
439,NIGERIA,KATSINA ,MALUMFASHI
440,NIGERIA,KATSINA ,MANI
441,NIGERIA,KATSINA ,MASHI
442,NIGERIA,KATSINA ,MATAZU
443,NIGERIA,KATSINA ,MUSAWA
444,NIGERIA,KATSINA ,RIMI
445,NIGERIA,KATSINA ,SABUWA
446,NIGERIA,KATSINA ,SAFANA
447,NIGERIA,KATSINA ,SANDAMU
448,NIGERIA,KATSINA ,ZANGO
449,NIGERIA,KEBBI ,ALEIRO
450,NIGERIA,KEBBI ,AREWA DANDI
451,NIGERIA,KEBBI ,ARGUNGU
452,NIGERIA,KEBBI ,AUGIE
453,NIGERIA,KEBBI ,BAGUDO
454,NIGERIA,KEBBI ,BIRNIN KEBBI
455,NIGERIA,KEBBI ,BUNZA
456,NIGERIA,KEBBI ,DANDI
457,NIGERIA,KEBBI ,FAKAI
458,NIGERIA,KEBBI ,GWANDU
459,NIGERIA,KEBBI ,JEGA
460,NIGERIA,KEBBI ,KALGO
461,NIGERIA,KEBBI ,KOKO/BESSE
462,NIGERIA,KEBBI ,MAIYAMA
463,NIGERIA,KEBBI ,NGASKI
464,NIGERIA,KEBBI ,SAKABA
465,NIGERIA,KEBBI ,SHANGA
466,NIGERIA,KEBBI ,SURU
467,NIGERIA,KEBBI ,WASAGU/DANKO
468,NIGERIA,KEBBI ,YAURI
469,NIGERIA,KEBBI ,ZURU
470,NIGERIA,KOGI ,ADAVI
471,NIGERIA,KOGI ,AJAOKUTA
472,NIGERIA,KOGI ,ANKPA
473,NIGERIA,KOGI ,BASSA
474,NIGERIA,KOGI ,DEKINA
475,NIGERIA,KOGI ,IBAJI
476,NIGERIA,KOGI ,IDAH
477,NIGERIA,KOGI ,IGALAMELA ODOLU
478,NIGERIA,KOGI ,IJUMU
479,NIGERIA,KOGI ,KABBA/BUNU
480,NIGERIA,KOGI ,KOGI
481,NIGERIA,KOGI ,LOKOJA
482,NIGERIA,KOGI ,MOPA MURO
483,NIGERIA,KOGI ,OFU
484,NIGERIA,KOGI ,OGORI/MAGONGO
485,NIGERIA,KOGI ,OKEHI
486,NIGERIA,KOGI ,OKENE
487,NIGERIA,KOGI ,OLAMABORO
488,NIGERIA,KOGI ,OMALA
489,NIGERIA,KOGI ,YAGBA EAST
490,NIGERIA,KOGI ,YAGBA WEST
491,NIGERIA,KWARA ,ASA
492,NIGERIA,KWARA ,BARUTEN
493,NIGERIA,KWARA ,EDU
494,NIGERIA,KWARA ,"EKITI, KWARA STATE"
495,NIGERIA,KWARA ,IFELODUN
496,NIGERIA,KWARA ,ILORIN EAST
497,NIGERIA,KWARA ,ILORIN SOUTH
498,NIGERIA,KWARA ,ILORIN WEST
499,NIGERIA,KWARA ,IREPODUN
500,NIGERIA,KWARA ,ISIN
501,NIGERIA,KWARA ,KAIAMA
502,NIGERIA,KWARA ,MORO
503,NIGERIA,KWARA ,OFFA
504,NIGERIA,KWARA ,OKE ERO
505,NIGERIA,KWARA ,OYUN
506,NIGERIA,KWARA ,PATEGI
507,NIGERIA,LAGOS ,AGEGE
508,NIGERIA,LAGOS ,AJEROMI-IFELODUN
509,NIGERIA,LAGOS ,ALIMOSHO
510,NIGERIA,LAGOS ,AMUWO-ODOFIN
511,NIGERIA,LAGOS ,APAPA
512,NIGERIA,LAGOS ,BADAGRY
513,NIGERIA,LAGOS ,EPE
514,NIGERIA,LAGOS ,ETI OSA
515,NIGERIA,LAGOS ,IBEJU-LEKKI
516,NIGERIA,LAGOS ,IFAKO-IJAIYE
517,NIGERIA,LAGOS ,IKEJA
518,NIGERIA,LAGOS ,IKORODU
519,NIGERIA,LAGOS ,KOSOFE
520,NIGERIA,LAGOS ,LAGOS ISLAND
521,NIGERIA,LAGOS ,LAGOS MAINLAND
522,NIGERIA,LAGOS ,MUSHIN
523,NIGERIA,LAGOS ,OJO
524,NIGERIA,LAGOS ,OSHODI-ISOLO
525,NIGERIA,LAGOS ,SHOMOLU
526,NIGERIA,LAGOS ,"SURULERE, LAGOS STATE"
527,NIGERIA,NASARAWA ,AKWANGA
528,NIGERIA,NASARAWA ,AWE
529,NIGERIA,NASARAWA ,DOMA
530,NIGERIA,NASARAWA ,KARU
531,NIGERIA,NASARAWA ,KEANA
532,NIGERIA,NASARAWA ,KEFFI
533,NIGERIA,NASARAWA ,KOKONA
534,NIGERIA,NASARAWA ,LAFIA
535,NIGERIA,NASARAWA ,NASARAWA
536,NIGERIA,NASARAWA ,NASARAWA EGON
537,NIGERIA,NASARAWA ,OBI
538,NIGERIA,NASARAWA ,TOTO
539,NIGERIA,NASARAWA ,WAMBA
540,NIGERIA,NIGER ,AGAIE
541,NIGERIA,NIGER ,AGWARA
542,NIGERIA,NIGER ,BIDA
543,NIGERIA,NIGER ,BORGU
544,NIGERIA,NIGER ,BOSSO
545,NIGERIA,NIGER ,CHANCHAGA
546,NIGERIA,NIGER ,EDATI
547,NIGERIA,NIGER ,GBAKO
548,NIGERIA,NIGER ,GURARA
549,NIGERIA,NIGER ,KATCHA
550,NIGERIA,NIGER ,KONTAGORA
551,NIGERIA,NIGER ,LAPAI
552,NIGERIA,NIGER ,LAVUN
553,NIGERIA,NIGER ,MAGAMA
554,NIGERIA,NIGER ,MARIGA
555,NIGERIA,NIGER ,MASHEGU
556,NIGERIA,NIGER ,MOKWA
557,NIGERIA,NIGER ,MOYA
558,NIGERIA,NIGER ,PAIKORO
559,NIGERIA,NIGER ,RAFI
560,NIGERIA,NIGER ,RIJAU
561,NIGERIA,NIGER ,SHIRORO
562,NIGERIA,NIGER ,SULEJA
563,NIGERIA,NIGER ,TAFA
564,NIGERIA,NIGER ,WUSHISHI
565,NIGERIA,OGUN ,ABEOKUTA NORTH
566,NIGERIA,OGUN ,ABEOKUTA SOUTH
567,NIGERIA,OGUN ,ADO-ODO/OTA
568,NIGERIA,OGUN ,EGBADO NORTH
569,NIGERIA,OGUN ,EGBADO SOUTH
570,NIGERIA,OGUN ,EWEKORO
571,NIGERIA,OGUN ,IFO
572,NIGERIA,OGUN ,IJEBU EAST
573,NIGERIA,OGUN ,IJEBU NORTH
574,NIGERIA,OGUN ,IJEBU NORTH EAST
575,NIGERIA,OGUN ,IJEBU ODE
576,NIGERIA,OGUN ,IKENNE
577,NIGERIA,OGUN ,IMEKO AFON
578,NIGERIA,OGUN ,IPOKIA
579,NIGERIA,OGUN ,OBAFEMI OWODE
580,NIGERIA,OGUN ,ODEDA
581,NIGERIA,OGUN ,ODOGBOLU
582,NIGERIA,OGUN ,OGUN WATERSIDE
583,NIGERIA,OGUN ,REMO NORTH
584,NIGERIA,OGUN ,SHAGAMU
585,NIGERIA,ONDO ,AKOKO NORTH-EAST
586,NIGERIA,ONDO ,AKOKO NORTH-WEST
587,NIGERIA,ONDO ,AKOKO SOUTH-EAST
588,NIGERIA,ONDO ,AKOKO SOUTH-WEST
589,NIGERIA,ONDO ,AKURE NORTH
590,NIGERIA,ONDO ,AKURE SOUTH
591,NIGERIA,ONDO ,ESE ODO
592,NIGERIA,ONDO ,IDANRE
593,NIGERIA,ONDO ,IFEDORE
594,NIGERIA,ONDO ,ILAJE
595,NIGERIA,ONDO ,ILE OLUJI/OKEIGBO
596,NIGERIA,ONDO ,IRELE
597,NIGERIA,ONDO ,ODIGBO
598,NIGERIA,ONDO ,OKITIPUPA
599,NIGERIA,ONDO ,ONDO EAST
600,NIGERIA,ONDO ,ONDO WEST
601,NIGERIA,ONDO ,OSE
602,NIGERIA,ONDO ,OWO
603,NIGERIA,OSUN ,AIYEDAADE
604,NIGERIA,OSUN ,AIYEDIRE
605,NIGERIA,OSUN ,ATAKUNMOSA EAST
606,NIGERIA,OSUN ,ATAKUNMOSA WEST
607,NIGERIA,OSUN ,BOLUWADURO
608,NIGERIA,OSUN ,BORIPE
609,NIGERIA,OSUN ,EDE NORTH
610,NIGERIA,OSUN ,EDE SOUTH
611,NIGERIA,OSUN ,EGBEDORE
612,NIGERIA,OSUN ,EJIGBO
613,NIGERIA,OSUN ,IFE CENTRAL
614,NIGERIA,OSUN ,IFE EAST
615,NIGERIA,OSUN ,IFE NORTH
616,NIGERIA,OSUN ,IFE SOUTH
617,NIGERIA,OSUN ,IFEDAYO
618,NIGERIA,OSUN ,IFELODUN
619,NIGERIA,OSUN ,ILA
620,NIGERIA,OSUN ,ILESA EAST
621,NIGERIA,OSUN ,ILESA WEST
622,NIGERIA,OSUN ,IREPODUN
623,NIGERIA,OSUN ,IREWOLE
624,NIGERIA,OSUN ,ISOKAN
625,NIGERIA,OSUN ,IWO
626,NIGERIA,OSUN ,OBOKUN
627,NIGERIA,OSUN ,ODO OTIN
628,NIGERIA,OSUN ,OLA OLUWA
629,NIGERIA,OSUN ,OLORUNDA
630,NIGERIA,OSUN ,ORIADE
631,NIGERIA,OSUN ,OROLU
632,NIGERIA,OSUN ,OSOGBO
633,NIGERIA,OYO ,AFIJIO
634,NIGERIA,OYO ,AKINYELE
635,NIGERIA,OYO ,ATIBA
636,NIGERIA,OYO ,ATISBO
637,NIGERIA,OYO ,EGBEDA
638,NIGERIA,OYO ,IBADAN NORTH
639,NIGERIA,OYO ,IBADAN NORTH-EAST
640,NIGERIA,OYO ,IBADAN NORTH-WEST
641,NIGERIA,OYO ,IBADAN SOUTH-EAST
642,NIGERIA,OYO ,IBADAN SOUTH-WEST
643,NIGERIA,OYO ,IBARAPA CENTRAL
644,NIGERIA,OYO ,IBARAPA EAST
645,NIGERIA,OYO ,IBARAPA NORTH
646,NIGERIA,OYO ,IDO
647,NIGERIA,OYO ,IREPO
648,NIGERIA,OYO ,ISEYIN
649,NIGERIA,OYO ,ITESIWAJU
650,NIGERIA,OYO ,IWAJOWA
651,NIGERIA,OYO ,KAJOLA
652,NIGERIA,OYO ,LAGELU
653,NIGERIA,OYO ,OGBOMOSHO NORTH
654,NIGERIA,OYO ,OGBOMOSHO SOUTH
655,NIGERIA,OYO ,OGO OLUWA
656,NIGERIA,OYO ,OLORUNSOGO
657,NIGERIA,OYO ,OLUYOLE
658,NIGERIA,OYO ,ONA ARA
659,NIGERIA,OYO ,ORELOPE
660,NIGERIA,OYO ,ORI IRE
661,NIGERIA,OYO ,OYO
662,NIGERIA,OYO ,OYO EAST
663,NIGERIA,OYO ,SAKI EAST
664,NIGERIA,OYO ,SAKI WEST
665,NIGERIA,OYO ,"SURULERE, OYO STATE"
666,NIGERIA,PLATEAU ,BARKIN LADI
667,NIGERIA,PLATEAU ,BASSA
668,NIGERIA,PLATEAU ,BOKKOS
669,NIGERIA,PLATEAU ,JOS EAST
670,NIGERIA,PLATEAU ,JOS NORTH
671,NIGERIA,PLATEAU ,JOS SOUTH
672,NIGERIA,PLATEAU ,KANAM
673,NIGERIA,PLATEAU ,KANKE
674,NIGERIA,PLATEAU ,LANGTANG NORTH
675,NIGERIA,PLATEAU ,LANGTANG SOUTH
676,NIGERIA,PLATEAU ,MANGU
677,NIGERIA,PLATEAU ,MIKANG
678,NIGERIA,PLATEAU ,PANKSHIN
679,NIGERIA,PLATEAU ,QUA'AN PAN
680,NIGERIA,PLATEAU ,RIYOM
681,NIGERIA,PLATEAU ,SHENDAM
682,NIGERIA,PLATEAU ,WASE
683,NIGERIA,RIVERS ,ABUA/ODUAL
684,NIGERIA,RIVERS ,AHOADA EAST
685,NIGERIA,RIVERS ,AHOADA WEST
686,NIGERIA,RIVERS ,AKUKU-TORU
687,NIGERIA,RIVERS ,ANDONI
688,NIGERIA,RIVERS ,ASARI-TORU
689,NIGERIA,RIVERS ,BONNY
690,NIGERIA,RIVERS ,DEGEMA
691,NIGERIA,RIVERS ,ELEME
692,NIGERIA,RIVERS ,EMUOHA
693,NIGERIA,RIVERS ,ETCHE
694,NIGERIA,RIVERS ,GOKANA
695,NIGERIA,RIVERS ,IKWERRE
696,NIGERIA,RIVERS ,KHANA
697,NIGERIA,RIVERS ,OBIO/AKPOR
698,NIGERIA,RIVERS ,OGBA/EGBEMA/NDONI
699,NIGERIA,RIVERS ,OGU/BOLO
700,NIGERIA,RIVERS ,OKRIKA
701,NIGERIA,RIVERS ,OMUMA
702,NIGERIA,RIVERS ,OPOBO/NKORO
703,NIGERIA,RIVERS ,OYIGBO
704,NIGERIA,RIVERS ,PORT HARCOURT
705,NIGERIA,RIVERS ,TAI
706,NIGERIA,SOKOTO ,BINJI
707,NIGERIA,SOKOTO ,BODINGA
708,NIGERIA,SOKOTO ,DANGE SHUNI
709,NIGERIA,SOKOTO ,GADA
710,NIGERIA,SOKOTO ,GORONYO
711,NIGERIA,SOKOTO ,GUDU
712,NIGERIA,SOKOTO ,GWADABAWA
713,NIGERIA,SOKOTO ,ILLELA
714,NIGERIA,SOKOTO ,ISA
715,NIGERIA,SOKOTO ,KEBBE
716,NIGERIA,SOKOTO ,KWARE
717,NIGERIA,SOKOTO ,RABAH
718,NIGERIA,SOKOTO ,SABON BIRNI
719,NIGERIA,SOKOTO ,SHAGARI
720,NIGERIA,SOKOTO ,SILAME
721,NIGERIA,SOKOTO ,SOKOTO NORTH
722,NIGERIA,SOKOTO ,SOKOTO SOUTH
723,NIGERIA,SOKOTO ,TAMBUWAL
724,NIGERIA,SOKOTO ,TANGAZA
725,NIGERIA,SOKOTO ,TURETA
726,NIGERIA,SOKOTO ,WAMAKO
727,NIGERIA,SOKOTO ,WURNO
728,NIGERIA,SOKOTO ,YABO
729,NIGERIA,TARABA ,ARDO KOLA
730,NIGERIA,TARABA ,BALI
731,NIGERIA,TARABA ,DONGA
732,NIGERIA,TARABA ,GASHAKA
733,NIGERIA,TARABA ,GASSOL
734,NIGERIA,TARABA ,IBI
735,NIGERIA,TARABA ,JALINGO
736,NIGERIA,TARABA ,KARIM LAMIDO
737,NIGERIA,TARABA ,KUMI
738,NIGERIA,TARABA ,LAU
739,NIGERIA,TARABA ,SARDAUNA
740,NIGERIA,TARABA ,TAKUM
741,NIGERIA,TARABA ,USSA
742,NIGERIA,TARABA ,WUKARI
743,NIGERIA,TARABA ,YORRO
744,NIGERIA,TARABA ,ZING
745,NIGERIA,YOBE ,BADE
746,NIGERIA,YOBE ,BURSARI
747,NIGERIA,YOBE ,DAMATURU
748,NIGERIA,YOBE ,FIKA
749,NIGERIA,YOBE ,FUNE
750,NIGERIA,YOBE ,GEIDAM
751,NIGERIA,YOBE ,GUJBA
752,NIGERIA,YOBE ,GULANI
753,NIGERIA,YOBE ,JAKUSKO
754,NIGERIA,YOBE ,KARASUWA
755,NIGERIA,YOBE ,MACHINA
756,NIGERIA,YOBE ,NANGERE
757,NIGERIA,YOBE ,NGURU
758,NIGERIA,YOBE ,POTISKUM
759,NIGERIA,YOBE ,TARMUWA
760,NIGERIA,YOBE ,YUNUSARI
761,NIGERIA,YOBE ,YUSUFARI
762,NIGERIA,ZAMFARA ,ANKA
763,NIGERIA,ZAMFARA ,BAKURA
764,NIGERIA,ZAMFARA ,BIRNIN MAGAJI/KIYAW
765,NIGERIA,ZAMFARA ,BUKKUYUM
766,NIGERIA,ZAMFARA ,BUNGUDU
767,NIGERIA,ZAMFARA ,CHAFE
768,NIGERIA,ZAMFARA ,GUMMI
769,NIGERIA,ZAMFARA ,GUSAU
770,NIGERIA,ZAMFARA ,KAURA NAMODA
771,NIGERIA,ZAMFARA ,MARADUN
772,NIGERIA,ZAMFARA ,MARU
773,NIGERIA,ZAMFARA ,SHINKAFI
774,NIGERIA,ZAMFARA ,TALATA MAFARA
775,NIGERIA,ZAMFARA ,ZURMI
