﻿Dependant_Member_id,Relationship,Member_id,Firstname,Middlename,Lastname,Gender,Genotype,DateOfBirth,BloodGroup,TiteCardNo,MobileNumber1,MobileNumber2,MobileNumber3,MobileNumber4,AreYouBornAgain,AreYouBaptizedByImmersion,AreYouBaptizedByHolySpirit,EmploymentStatus,PlaceOfWork,PlaceOfWorkAddress,PlaceOfWorkPhone,Profession,DateJoined,Hobbies,SpecialSkills,SpiritualGifts,PreferredGroup,Reason,StudentOrGraduate1,Institustion1,CourseOfStudy1,Degree1,Level1,StudentOrGraduate2,Institustion2,CourseOfStudy2,Degree2,Level2,StudentOrGraduate3,Institustion3,CourseOfStudy3,Degree3,Level3,emailaddress1,emailaddress2,emailaddress3
1,SON,1,  IFEOLUWA,TAIWO,SHADA,MALE,NULL,2014-12-29 18:16:10.000,NULL,NULL,08012222222,NULL,NULL,NULL,YES,YES,NO,NULL,NULL,NULL,NULL,NULL,2014-12-29 18:16:10.000,NULL,NULL,NULL,EVANGELICAL,NULL,NULL,NULL,NULL,NULL,NULL,NULL,NULL,NULL,NULL,NULL,NULL,NULL,NULL,NULL,NULL,NULL,NULL,NULL
2,BROTHER,1,  SUNNY,WALE,SHADA,MALE,NULL,1965-12-01 11:50:25.000,NULL,NULL,0797890009377,NULL,NULL,NULL,YES,YES,YES,SELF EMPLOYED,NULL,NULL,NULL,NULL,2014-12-30 11:50:25.000,NULL,NULL,NULL,EVANGELICAL,NULL,NULL,NULL,NULL,NULL,NULL,NULL,NULL,NULL,NULL,NULL,NULL,NULL,NULL,NULL,NULL,NULL,NULL,NULL
3,SON,1, IFEOLUWA,TAIWO,SHADA,MALE,NULL,2014-12-29 18:16:10.000,NULL,NULL,08012222222,NULL,NULL,NULL,YES,YES,NO,NULL,NULL,NULL,NULL,NULL,2014-12-29 18:16:10.000,NULL,NULL,NULL,EVANGELICAL,NULL,NULL,NULL,NULL,NULL,NULL,NULL,NULL,NULL,NULL,NULL,NULL,NULL,NULL,NULL,NULL,NULL,NULL,NULL
4,SON,1,ANUOLUWAPOSIMI,KEHINDE,SHADA,MALE,NULL,2014-12-29 18:18:54.000,NULL,NULL,0803777782222,NULL,NULL,NULL,YES,YES,YES,NULL,NULL,NULL,NULL,NULL,2014-12-29 18:18:54.000,NULL,NULL,NULL,ICT,NULL,NULL,NULL,NULL,NULL,NULL,NULL,NULL,NULL,NULL,NULL,NULL,NULL,NULL,NULL,NULL,NULL,NULL,NULL
5,SON,1,OLUWASEUN,EMMANUEL,SHADA,MALE,AA,2016-01-20 10:35:57.000,A,NULL,08037148365,NULL,NULL,NULL,YES,YES,YES,NULL,NULL,NULL,NULL,NULL,2015-03-20 10:35:56.000,NULL,NULL,NULL,EVANGELICAL,NULL,NULL,NULL,NULL,NULL,NULL,NULL,NULL,NULL,NULL,NULL,NULL,NULL,NULL,NULL,NULL,NULL,NULL,NULL
6,GUARDIAN,5,  GGGGGGG,NULL,TTTTTTTTTTTTTTTT,FEMALE,NULL,2014-12-30 14:13:42.000,NULL,NULL,0804443333,NULL,NULL,NULL,YES,YES,YES,NULL,NULL,NULL,NULL,NULL,2014-12-30 14:13:42.000,NULL,NULL,NULL,EVANGELICAL,NULL,NULL,NULL,NULL,NULL,NULL,NULL,NULL,NULL,NULL,NULL,NULL,NULL,NULL,NULL,NULL,NULL,NULL,NULL
7,SON,7,  OMOTUNDE,JOHN,SOYEMI,MALE,NULL,2000-12-01 11:38:24.000,NULL,NULL,0803222222222,NULL,NULL,NULL,YES,YES,YES,NULL,NULL,NULL,NULL,NULL,2014-12-30 11:38:24.000,NULL,NULL,NULL,EVANGELICAL,NULL,NULL,NULL,NULL,NULL,NULL,NULL,NULL,NULL,NULL,NULL,NULL,NULL,NULL,NULL,NULL,NULL,NULL,NULL
8,SON,7,OLUDELE,FRANCIS,SOYEMI,MALE,NULL,2003-12-30 11:41:43.000,NULL,NULL,08032222222,NULL,NULL,NULL,YES,YES,YES,NULL,NULL,NULL,NULL,NULL,2014-12-30 11:41:43.000,NULL,NULL,NULL,SONGS OF PRAISE,NULL,NULL,NULL,NULL,NULL,NULL,NULL,NULL,NULL,NULL,NULL,NULL,NULL,NULL,NULL,NULL,NULL,NULL,NULL
9,DAUGHTER,8,AGATHA,AGNES,KWAME,FEMALE,NULL,1990-02-02 08:55:44.000,NULL,NULL,0242555222,NULL,NULL,NULL,YES,NO,YES,NULL,NULL,NULL,NULL,NULL,2015-03-02 08:55:44.000,NULL,NULL,NULL,EVANGELICAL,NULL,STUDENT,UNIVERSITY OF GHANA LEGON,MATHS,Bsc,100,NULL,NULL,NULL,NULL,NULL,NULL,NULL,NULL,NULL,NULL,NULL,NULL,NULL
11,SON,11,ANUOLUWA,AJIBOLA,SHADA,MALE,AA,2014-12-31 09:37:00.000,A,,NIL,,,,YES,YES,YES,,,,,,2015-09-13 12:48:52.000,,,,EVANGELICAL,,,,,,,,,,,,,,,,,NULL,NULL,NULL
12,SON,11,IFEOLUWA,OMOBOLA,SHADA,MALE,AA,2014-12-31 12:50:19.000,,,NIL,,,,YES,YES,YES,,,,,,2015-09-13 12:50:19.000,,,,EVANGELICAL,,,,,,,,,,,,,,,,,NULL,NULL,NULL
10,WIFE,11,OLATEJU,OMOTAYO,SHADA,FEMALE,,1977-11-01 09:37:00.000,,,08033235419,,,,YES,YES,YES,,,,,,2015-09-13 12:43:54.000,,,,EVANGELICAL,,,,,,,,,,,,,,,,,NULL,NULL,NULL
15,DAUGHTER,25,  ESTHER,IREOLUWA,OGUNDOKUN,FEMALE,,2011-05-15 09:37:00.000,,,08167259398,,,,NO,NO,NO,,,,,,2015-09-20 18:54:33.000,,,,EVANGELICAL,,,,,,,,,,,,,,,,,NULL,NULL,NULL
14,SON,25,MATHEW,MOLOLUWA,OGUNDOKUN,MALE,,2015-06-24 18:49:29.000,,,08167259398,,,,NO,NO,NO,,,,,,2015-09-20 18:49:29.000,,,,,,,,,,,,,,,,,,,,,NULL,NULL,NULL
13,SON,25,MICHAEL,OLUWAJOBA,OGUNDOKUN,MALE,,2009-05-19 09:37:00.000,,,08167259398,,,,YES,NO,NO,,,,,,2015-09-20 18:45:24.000,,,,EVANGELICAL,,,,,,,,,,,,,,,,,NULL,NULL,NULL
16,WIFE,46,  ATINUKE,AGNES,AGBOOLA,FEMALE,,1970-11-12 09:37:00.000,,,08059880613,,,,YES,YES,YES,,,,,,2015-09-21 19:11:18.000,,,,EVANGELICAL,,,,,,,,,,,,,,,,,NULL,NULL,NULL
17,DAUGHTER,46,  OLUWATOSIN,DORCAS,AGBOOLA,FEMALE,,1992-12-10 09:37:00.000,,,08182943329,,,,YES,YES,YES,,,,,,2015-09-21 19:14:29.000,,,,EVANGELICAL,,,,,,,,,,,,,,,,,NULL,NULL,NULL
20,DAUGHTER,46,BOLUWATIFE,MARY,AGBOOLA,FEMALE,,2009-05-26 19:20:46.000,,,08183144348,,,,NO,NO,NO,,,,,,2015-09-21 19:20:46.000,,,,,,,,,,,,,,,,,,,,,NULL,NULL,NULL
18,DAUGHTER,46,FIYINFOLUWA,FLORENCE,AGBOOLA,FEMALE,,1995-05-14 19:16:17.000,,,08170071877,,,,YES,YES,YES,,,,,,2015-09-21 19:16:17.000,,,,,,STUDENT,,,,,,,,,,,,,,,NULL,NULL,NULL
19,DAUGHTER,46,OLAWUNMI,ELIZABETH,AGBOOLA,FEMALE,,1997-08-08 19:18:26.000,,,08179361131,,08146237695,,YES,YES,YES,,,,,,2015-09-21 19:18:26.000,,,,,,STUDENT,,,,,,,,,,,,,,,NULL,NULL,NULL
21,WIFE,101,TEMITOPE,OLUWATOYIN,AJAKAIYE,FEMALE,,1984-03-11 09:37:00.000,,,08033163210,,,,YES,YES,YES,,,,,,2015-09-24 11:30:29.000,,,,,,,,,,,,,,,,,,,,,NULL,NULL,NULL
22,WIFE,242,  OLABISI,,AWODEHINDE,FEMALE,,1973-12-10 09:37:00.000,,,08027262040,,,,YES,YES,YES,,,,,,2015-09-26 22:07:38.000,,,,EVANGELICAL,,,,,,,,,,,,,,,,,NULL,NULL,NULL
23,WIFE,246,ABIMBOLA,,EDIDI,FEMALE,,1986-03-26 09:37:00.000,,,08029116344,,,,YES,YES,YES,,,,,,2015-09-26 22:23:27.000,,,,SANCTUARY KEEPERS,,,,,,,,,,,,,,,,,NULL,NULL,NULL
24,WIFE,345,  OMOLARA ,I,BALOGUN,FEMALE,,1910-10-04 09:37:00.000,,,08068969145,,,,YES,YES,YES,,,,,,2015-09-28 09:45:09.000,,,,,,,,,,,,,,,,,,,,,NULL,NULL,NULL
25,WIFE,489,TOYIN,,EZEKIEL,FEMALE,,1984-10-12 09:37:00.000,,,08038362880,,,,YES,YES,YES,,,,,,2015-09-30 22:34:26.000,,,,SONGS OF PRAISE,,,,,,,,,,,,,,,,,NULL,NULL,NULL
26,WIFE,502,BOSEDE,,AGUNBIADE,FEMALE,,1972-08-24 09:37:00.000,,,08053340471,,,,YES,YES,YES,,,,,,2015-10-01 17:21:28.000,,,,EVANGELICAL,,,,,,,,,,,,,,,,,NULL,NULL,NULL
27,WIFE,591,TINUKE,,DARAMOLA,FEMALE,,1950-06-10 09:37:00.000,,,08029411496,,,,YES,YES,YES,,,,,,2015-10-06 09:25:44.000,,,,SANCTUARY KEEPERS,,,,,,,,,,,,,,,,,NULL,NULL,NULL
28,WIFE,620,OLUWAFUNMILAYO,OLABISI,ENITAN,FEMALE,,1974-08-28 09:37:00.000,,,08035058819,,,,YES,YES,YES,,,,,,2015-10-06 13:17:54.000,,,,SONGS OF PRAISE,,,,,,,,,,,,,,,,,NULL,NULL,NULL
29,WIFE,625,  MOJISOLA,,JEGEDE,FEMALE,,1983-07-07 09:37:00.000,,,08186229146,,,,YES,YES,YES,,,,,,2015-10-06 13:33:34.000,,,,,,,,,,,,,,,,,,,,,NULL,NULL,NULL
30,WIFE,702,ABISOLA,,OTEMUYILO,FEMALE,,1973-10-03 09:37:00.000,,,08027836755,,,,YES,YES,YES,,,,,,2015-10-09 19:52:40.000,,,,,,,,,,,,,,,,,,,,,NULL,NULL,NULL
31,WIFE,722,GBEMISOLA,,OLAOYE,FEMALE,,1975-02-24 09:37:00.000,,,08023629443,,,,YES,YES,YES,,,,,,2015-10-11 17:10:21.000,,,,,,,,,,,,,,,,,,,,,NULL,NULL,NULL
32,WIFE,723,YETUNDE,MOJISOLA,SHOBOWALE,FEMALE,,1979-09-15 09:37:00.000,,,08023030095,,,,YES,YES,YES,,,,,,2015-10-11 17:17:19.000,,,,,,,,,,,,,,,,,,,,,NULL,NULL,NULL
33,WIFE,730,OLAJUMOKE,,ATANSUYI,FEMALE,,1980-08-08 09:37:00.000,,,08034438388,,,,YES,YES,YES,,,,,,2015-10-11 17:40:28.000,,,,,,,,,,,,,,,,,,,,,NULL,NULL,NULL
34,WIFE,742,  KOFOWOROLA,,AKINYEMI,FEMALE,,1984-02-20 09:37:00.000,,,08023923104,,,,YES,YES,YES,,,,,,2015-10-11 18:09:42.000,,,,,,,,,,,,,,,,,,,,,NULL,NULL,NULL
35,WIFE,743,MOJISOLA,,ALABI,FEMALE,,1968-06-18 09:37:00.000,,,08023337624,,,,YES,YES,YES,,,,,,2015-10-11 18:15:00.000,,,,SONGS OF PRAISE,,,,,,,,,,,,,,,,,NULL,NULL,NULL
36,WIFE,764,  ABIODUN,HEPHZIBAH,OLOWU,FEMALE,,1975-12-22 09:37:00.000,,,08180724525,,,,YES,YES,YES,,,,,,2015-10-15 21:24:18.000,,,,,,,,,,,,,,,,,,,,,NULL,NULL,NULL
37,WIFE,844,  GRACE,,OYELADE,FEMALE,,1975-09-25 09:37:00.000,,,08163226032,,,,YES,YES,YES,,,,,,2015-10-17 18:32:41.000,,,,SANCTUARY KEEPERS,,,,,,,,,,,,,,,,,NULL,NULL,NULL
38,WIFE,853,AFOLAKE,,AKINTAN,FEMALE,,1965-05-05 09:37:00.000,,,08025339922,,,,YES,YES,YES,,,,,,2015-10-17 19:06:46.000,,,,SANCTUARY KEEPERS,,,,,,,,,,,,,,,,,NULL,NULL,NULL
39,WIFE,861,  GRACE,NGOZI,OLANREWAJU,FEMALE,,1981-02-04 09:37:00.000,,,080,,,,YES,YES,YES,,,,,,2016-01-27 18:35:07.000,,,,EVANGELICAL,,,,,,,,,,,,,,,,,NULL,NULL,NULL
