﻿member_id,DEPT_CODE,group_CODE
7,DISCCO,OTSHEP
7,LEGALC,OTSHEP
7,SECURI,OTSHEP
7,INTERNA,OTSHEP
10,INFOTE,OTSECE
63,INFOTE,OTSECE
64,INFOTE,OTSECE
13,CAREUN,OTSECE
13,BUSINE,OTSECE
12,DEACON,ADHOCE
294,INTERP,OTPREL
15,CAREUN,OTSECE
16,CAREUN,OTSECE
18,CAREUN,OTSECE
19,CAREUN,OTSECE
24,DEACON,ADHOCE
28,SECURI,OTSHEP
35,TEACHE,OTDSHE
36,TEACHE,OTDSHE
37,TEACHE,OTDSHE
38,TEACHE,OTDSHE
39,TEACHE,OTDSHE
40,TEACHE,OTDSHE
41,TEACHE,OTDSHE
46,CHOIRS,CHOIRS
67,CHRIST,OTPREL
79,LEARNI,OTSECE
80,LEARNI,OTSECE
82,MAINTE,OTSECE
83,MAINTE,OTSECE
87,INFOTE,OTSECE
89,INFOTE,OTSECE
101,LEARNI,OTSECE
105,SANCTU,WARDEN
107,MAINTE,OTSECE
121,WARDEN,WARDEN
121,SECURI,OTSHEP
125,HEALTH,OTPREL
143,TEACHE,OTDSHE
152,INTERP,OTPREL
171,TEACHE,OTDSHE
172,TEACHE,OTDSHE
174,TEACHE,OTDSHE
175,TEACHE,OTDSHE
176,TEACHE,OTDSHE
177,TEACHE,OTDSHE
178,SANCTU,WARDEN
179,SANCTU,WARDEN
180,SANCTU,WARDEN
182,SANCTU,WARDEN
184,SANCTU,WARDEN
185,TEACHE,OTDSHE
186,CHOIRS,CHOIRS
188,USHERS,OTPREL
189,CHOIRS,CHOIRS
190,CHOIRS,CHOIRS
191,CHOIRS,CHOIRS
192,SANCTU,WARDEN
194,SANCTU,WARDEN
195,SANCTU,WARDEN
199,SECURI,OTSHEP
212,USHERS,OTPREL
213,SANCTU,WARDEN
219,BRANCH,OTDSHE
239,BUSINE,OTSECE
240,BUSINE,OTSECE
241,BUSINE,OTSECE
242,BUSINE,OTSECE
243,BUSINE,OTSECE
244,BUSINE,OTSECE
245,BUSINE,OTSECE
246,BUSINE,OTSECE
249,BUSINE,OTSECE
250,BUSINE,OTSECE
251,BUSINE,OTSECE
252,BUSINE,OTSECE
253,BUSINE,OTSECE
254,BUSINE,OTSECE
255,BUSINE,OTSECE
257,BRANCH,OTDSHE
260,CAREUN,OTSECE
261,CAREUN,OTSECE
262,CAREUN,OTSECE
263,CAREUN,OTSECE
264,CAREUN,OTSECE
265,CAREUN,OTSECE
266,CAREUN,OTSECE
343,INFOTE,OTSECE
344,INFOTE,OTSECE
345,INFOTE,OTSECE
346,INFOTE,OTSECE
347,INFOTE,OTSECE
349,INFOTE,OTSECE
348,INFOTE,OTSECE
476,SECURI,OTSHEP
477,SECURI,OTSHEP
478,SECURI,OTSHEP
480,SECURI,OTSHEP
481,CHOIRS,CHOIRS
47,TEACHE,OTDSHE
47,LEARNI,OTSECE
482,CHOIRS,CHOIRS
489,PUBLIC,OTPREL
490,PUBLIC,OTPREL
491,SANCTU,WARDEN
493,SANCTU,WARDEN
494,SANCTU,WARDEN
495,SANCTU,WARDEN
497,SANCTU,WARDEN
498,SANCTU,WARDEN
499,SANCTU,WARDEN
500,SANCTU,WARDEN
362,SANCTU,WARDEN
502,SANCTU,WARDEN
504,TEACHE,OTDSHE
507,SANCTU,WARDEN
506,SANCTU,WARDEN
508,SANCTU,WARDEN
510,SANCTU,WARDEN
511,SANCTU,WARDEN
512,SANCTU,WARDEN
517,SANCTU,WARDEN
519,SANCTU,WARDEN
521,SANCTU,WARDEN
522,SANCTU,WARDEN
524,SANCTU,WARDEN
525,SANCTU,WARDEN
527,SANCTU,WARDEN
528,SANCTU,WARDEN
530,SANCTU,WARDEN
532,SANCTU,WARDEN
533,SANCTU,WARDEN
535,SANCTU,WARDEN
536,SANCTU,WARDEN
537,SANCTU,WARDEN
541,SANCTU,WARDEN
543,SANCTU,WARDEN
544,SANCTU,WARDEN
545,SANCTU,WARDEN
547,SANCTU,WARDEN
549,SANCTU,WARDEN
550,SANCTU,WARDEN
553,SANCTU,WARDEN
555,SANCTU,WARDEN
556,SANCTU,WARDEN
558,SANCTU,WARDEN
559,SANCTU,WARDEN
561,SANCTU,WARDEN
562,SANCTU,WARDEN
564,SANCTU,WARDEN
566,SANCTU,WARDEN
567,SANCTU,WARDEN
569,SANCTU,WARDEN
570,SANCTU,WARDEN
572,CHOIRS,CHOIRS
573,CHOIRS,CHOIRS
575,CHOIRS,CHOIRS
578,CHOIRS,CHOIRS
579,CHOIRS,CHOIRS
580,SANCTU,WARDEN
581,SANCTU,WARDEN
595,SANCTU,WARDEN
584,SANCTU,WARDEN
597,SANCTU,WARDEN
586,SECRET,OTSECE
587,SECRET,OTSECE
590,SECURI,OTSHEP
592,SANCTU,WARDEN
598,CHOIRS,CHOIRS
600,CHOIRS,CHOIRS
601,CHOIRS,CHOIRS
602,CHOIRS,CHOIRS
604,CHOIRS,CHOIRS
605,CHOIRS,CHOIRS
606,CHOIRS,CHOIRS
609,CHOIRS,CHOIRS
610,CHOIRS,CHOIRS
612,CHOIRS,CHOIRS
613,CHOIRS,CHOIRS
614,CHOIRS,CHOIRS
616,CHOIRS,CHOIRS
617,CHOIRS,CHOIRS
618,CHOIRS,CHOIRS
619,CHOIRS,CHOIRS
621,CHOIRS,CHOIRS
622,CHOIRS,CHOIRS
625,CHOIRS,CHOIRS
627,CHOIRS,CHOIRS
628,CHOIRS,CHOIRS
629,CHOIRS,CHOIRS
630,CHOIRS,CHOIRS
631,CHILDR,OTPREL
633,CHILDR,OTPREL
635,CHOIRS,CHOIRS
636,CHOIRS,CHOIRS
638,CHOIRS,CHOIRS
639,CHOIRS,CHOIRS
641,CHOIRS,CHOIRS
644,TEACHE,OTDSHE
645,TEACHE,OTDSHE
647,TEACHE,OTDSHE
649,TEACHE,OTDSHE
650,TEACHE,OTDSHE
651,TEACHE,OTDSHE
652,TEACHE,OTDSHE
655,TEACHE,OTDSHE
662,CHOIRS,CHOIRS
663,CHOIRS,CHOIRS
664,CHOIRS,CHOIRS
665,CHOIRS,CHOIRS
666,CHOIRS,CHOIRS
667,CHOIRS,CHOIRS
668,CHOIRS,CHOIRS
669,CHOIRS,CHOIRS
670,CHOIRS,CHOIRS
671,CHOIRS,CHOIRS
672,CHOIRS,CHOIRS
674,TEACHE,OTDSHE
675,TEACHE,OTDSHE
676,USHERS,OTPREL
678,USHERS,OTPREL
682,USHERS,OTPREL
687,TEACHE,OTDSHE
688,TEACHE,OTDSHE
689,TEACHE,OTDSHE
690,TEACHE,OTDSHE
691,CHILDR,OTPREL
492,SANCTU,WARDEN
693,CAREUN,OTSECE
694,CAREUN,OTSECE
695,PROGRA,OTPREL
696,USHERS,OTPREL
697,USHERS,OTPREL
698,VISION,OTDSHE
699,VISION,OTDSHE
700,VISION,OTDSHE
702,VISION,OTDSHE
703,VISION,OTDSHE
713,TEACHE,OTDSHE
714,TEACHE,OTDSHE
717,WARDEN,WARDEN
720,WARDEN,WARDEN
721,WARDEN,WARDEN
722,WARDEN,WARDEN
728,TEACHE,OTDSHE
729,TEACHE,OTDSHE
730,TEACHE,OTDSHE
731,TEACHE,OTDSHE
737,WARDEN,WARDEN
17,CAREUN,OTSECE
21,SANCTU,WARDEN
25,SANCTU,WARDEN
539,SANCTU,WARDEN
568,SANCTU,WARDEN
661,CHOIRS,CHOIRS
718,WARDEN,WARDEN
719,WARDEN,WARDEN
738,WARDEN,WARDEN
740,WARDEN,WARDEN
704,PROGRA,OTPREL
705,PROGRA,OTPREL
706,PROGRA,OTPREL
707,PROGRA,OTPREL
708,PROGRA,OTPREL
709,PROGRA,OTPREL
801,CAREUN,OTSECE
802,CAREUN,OTSECE
805,CAREUN,OTSECE
806,CAREUN,OTSECE
807,CAREUN,OTSECE
810,CAREUN,OTSECE
812,CAREUN,OTSECE
813,CHILDR,OTPREL
814,CHILDR,OTPREL
815,CHILDR,OTPREL
817,CHILDR,OTPREL
823,CHRIST,OTPREL
822,CHRIST,OTPREL
825,DANIEL,OTDSHE
827,DANIEL,OTDSHE
828,DANIEL,OTDSHE
830,DANIEL,OTDSHE
832,DANIEL,OTDSHE
833,DANIEL,OTDSHE
835,DANIEL,OTDSHE
838,DANIEL,OTDSHE
845,CHOIRS,CHOIRS
848,CHOIRS,CHOIRS
849,CHOIRS,CHOIRS
851,CHOIRS,CHOIRS
853,FINANC,FINANC
855,CAREUN,OTSECE
856,CAREUN,OTSECE
857,CAREUN,OTSECE
858,CAREUN,OTSECE
67,CHOIRS,CHOIRS
74,PROGRA,OTPREL
78,USHERS,OTPREL
81,LEGALC,OTSHEP
90,INFOTE,OTSECE
113,SANCTU,WARDEN
131,BUSINE,OTSECE
170,TEACHE,OTDSHE
173,TEACHE,OTDSHE
181,SANCTU,WARDEN
183,SANCTU,WARDEN
187,CHOIRS,CHOIRS
193,SANCTU,WARDEN
197,SANCTU,WARDEN
210,LEARNI,OTSECE
479,SECURI,OTSHEP
692,CHILDR,OTPREL
496,SANCTU,WARDEN
503,TEACHE,OTDSHE
505,SANCTU,WARDEN
509,SANCTU,WARDEN
513,SANCTU,WARDEN
515,SANCTU,WARDEN
516,SANCTU,WARDEN
518,SANCTU,WARDEN
520,SANCTU,WARDEN
523,SANCTU,WARDEN
526,SANCTU,WARDEN
529,SANCTU,WARDEN
534,SANCTU,WARDEN
538,SANCTU,WARDEN
540,SANCTU,WARDEN
542,SANCTU,WARDEN
546,SANCTU,WARDEN
548,SANCTU,WARDEN
551,SANCTU,WARDEN
552,SANCTU,WARDEN
554,SANCTU,WARDEN
557,SANCTU,WARDEN
560,SANCTU,WARDEN
563,SANCTU,WARDEN
565,SANCTU,WARDEN
659,CHOIRS,CHOIRS
660,CHOIRS,CHOIRS
673,CHOIRS,CHOIRS
680,USHERS,OTPREL
686,TEACHE,OTDSHE
701,VISION,OTDSHE
256,BRANCH,OTDSHE
258,CAREUN,OTSECE
14,CAREUN,OTSECE
293,INTERP,OTPREL
571,SANCTU,WARDEN
574,CHOIRS,CHOIRS
576,CHOIRS,CHOIRS
594,SANCTU,WARDEN
588,SECURI,OTSHEP
589,SECURI,OTSHEP
591,SECURI,OTSHEP
593,SANCTU,WARDEN
585,SANCTU,WARDEN
583,SANCTU,WARDEN
582,SANCTU,WARDEN
596,SANCTU,WARDEN
599,CHOIRS,CHOIRS
603,CHOIRS,CHOIRS
607,CHOIRS,CHOIRS
608,CHOIRS,CHOIRS
611,CHOIRS,CHOIRS
615,CHOIRS,CHOIRS
620,CHOIRS,CHOIRS
623,CHOIRS,CHOIRS
624,CHOIRS,CHOIRS
626,CHOIRS,CHOIRS
632,CHILDR,OTPREL
634,CHOIRS,CHOIRS
637,CHOIRS,CHOIRS
640,CHOIRS,CHOIRS
642,CHILDR,OTPREL
643,CHILDR,OTPREL
646,TEACHE,OTDSHE
648,TEACHE,OTDSHE
681,USHERS,OTPREL
679,USHERS,OTPREL
741,WARDEN,WARDEN
743,WARDEN,WARDEN
715,TEACHE,OTDSHE
716,WARDEN,WARDEN
723,WARDEN,WARDEN
732,TEACHE,OTDSHE
9,TRS,FIN
1,ICT,SEC
45,TRS,FIN
45,CHR,PST
8,TRS,FIN
736,WARDEN,WARDEN
5,CHOIRS,CHOIRS
8,EVA,PST
739,WARDEN,WARDEN
742,WARDEN,WARDEN
803,CAREUN,OTSECE
804,CAREUN,OTSECE
5,INFOTE,OTSECE
808,CAREUN,OTSECE
811,CAREUN,OTSECE
816,CHILDR,OTPREL
821,CHRIST,OTPREL
824,DANIEL,OTDSHE
826,DANIEL,OTDSHE
829,DANIEL,OTDSHE
831,DANIEL,OTDSHE
834,DANIEL,OTDSHE
836,DANIEL,OTDSHE
837,DANIEL,OTDSHE
839,DANIEL,OTDSHE
846,CHOIRS,CHOIRS
847,CHOIRS,CHOIRS
850,CHOIRS,CHOIRS
854,CAREUN,OTSECE
