﻿FIELD_id,FIELDNAME,MYTABLENAME
1,AreYouBaptizedByHolySpirit,CHURCHMEMBERS
2,AreYouBaptizedByImmersion,CHURCHMEMBERS
3,AreYouBornAgain,CHURCHMEMBERS
4,Country,CHURCHMEMBERS
5,CourseOfStudy1,CHURCHMEMBERS
6,CourseOfStudy2,CHURCHMEMBERS
7,DateJoined,CHURCHMEMBERS
8,DateOfBirth,CHURCHMEMBERS
9,emailaddress1,CHURCHMEMBERS
10,emailaddress2,CHURCHMEMBERS
11,emailaddress3,CHURCHMEMBERS
12,EmploymentStatus,CHURCHMEMBERS
13,Firstname,CHURCHMEMBERS
14,Gender,CHURCHMEMBERS
15,Genotype,CHURCHMEMBERS
16,Hobbies,CHURCHMEMBERS
17,Lastname,CHURCHMEMBERS
18,LGACounty,CHURCHMEMBERS
19,MaritalStatus,CHURCHMEMBERS
20,member_id,CHURCHMEMBERS
21,MobileNumber1,CHURCHMEMBERS
22,MobileNumber2,CHURCHMEMBERS
23,MobileNumber3,CHURCHMEMBERS
24,MobileNumber4,CHURCHMEMBERS
25,PreferredGroup,CHURCHMEMBERS
26,SpecialSkills,CHURCHMEMBERS
27,SpiritualGifts,CHURCHMEMBERS
28,SpouseMobileNumber1,CHURCHMEMBERS
29,SpouseMobileNumber2,CHURCHMEMBERS
30,State,CHURCHMEMBERS
31,Street1,CHURCHMEMBERS
32,Street2,CHURCHMEMBERS
33,TiteCardNo,CHURCHMEMBERS
