133,NIGERIA,ABIA ,ABA NORTH
134,NIGERIA,ABIA ,ABA SOUTH
190,NIGERIA,ABIA ,AROCHUKWU
230,NIGERIA,ABIA ,BENDE
466,NIGERIA,ABIA ,IKWUANO
491,NIGERIA,ABIA ,ISIALA NGWA NORTH
492,NIGERIA,ABIA ,ISIALA NGWA SOUTH
499,NIGERIA,ABIA ,ISUIKWUATO
676,NIGERIA,ABIA ,OBI NGWA
702,NIGERIA,ABIA ,OHAFIA
752,NIGERIA,ABIA ,OSISIOMA
849,NIGERIA,ABIA ,UGWUNAGBO
853,NIGERIA,ABIA ,UKWA EAST
854,NIGERIA,ABIA ,UKWA WEST
858,NIGERIA,ABIA ,UMU NNEOCHI
856,NIGERIA,ABIA ,UMUAHIA NORTH
857,NIGERIA,ABIA ,UMUAHIA SOUTH
903,GHANA,Accra,Osu
285,NIGERIA,ADAMAWA ,DEMSA
353,NIGERIA,ADAMAWA ,FUFURE
362,NIGERIA,ADAMAWA ,GANYE
369,NIGERIA,ADAMAWA ,GAYUK
379,NIGERIA,ADAMAWA ,GOMBI
381,NIGERIA,ADAMAWA ,GRIE
405,NIGERIA,ADAMAWA ,HONG
508,NIGERIA,ADAMAWA ,JADA
593,NIGERIA,ADAMAWA ,LAMURDE
600,NIGERIA,ADAMAWA ,MADAGALI
608,NIGERIA,ADAMAWA ,MAIHA
624,NIGERIA,ADAMAWA ,MAYO BELWA
627,NIGERIA,ADAMAWA ,MICHIKA
634,NIGERIA,ADAMAWA ,MUBI NORTH
635,NIGERIA,ADAMAWA ,MUBI SOUTH
670,NIGERIA,ADAMAWA ,NUMAN
804,NIGERIA,ADAMAWA ,SHELLENG
815,NIGERIA,ADAMAWA ,SONG
835,NIGERIA,ADAMAWA ,TOUNGO
891,NIGERIA,ADAMAWA ,YOLA NORTH
892,NIGERIA,ADAMAWA ,YOLA SOUTH
131,NIGERIA,AKWA IBOM ,ABAK
295,NIGERIA,AKWA IBOM ,EASTERN OBOLO
314,NIGERIA,AKWA IBOM ,EKET
332,NIGERIA,AKWA IBOM ,ESIT EKET
333,NIGERIA,AKWA IBOM ,ESSIEN UDIM
337,NIGERIA,AKWA IBOM ,ETIM EKPO
338,NIGERIA,AKWA IBOM ,ETINAN
416,NIGERIA,AKWA IBOM ,IBENO
417,NIGERIA,AKWA IBOM ,IBESIKPO ASUTAN
419,NIGERIA,AKWA IBOM ,IBIONO-IBOM
449,NIGERIA,AKWA IBOM ,IKA
459,NIGERIA,AKWA IBOM ,IKONO
461,NIGERIA,AKWA IBOM ,IKOT ABASI
462,NIGERIA,AKWA IBOM ,IKOT EKPENE
478,NIGERIA,AKWA IBOM ,INI
502,NIGERIA,AKWA IBOM ,ITU
626,NIGERIA,AKWA IBOM ,MBO
641,NIGERIA,AKWA IBOM ,MKPAT-ENIN
666,NIGERIA,AKWA IBOM ,NSIT-ATAI
667,NIGERIA,AKWA IBOM ,NSIT-IBOM
668,NIGERIA,AKWA IBOM ,NSIT-UBIUM
679,NIGERIA,AKWA IBOM ,OBOT AKARA
716,NIGERIA,AKWA IBOM ,OKOBO
732,NIGERIA,AKWA IBOM ,ONNA
741,NIGERIA,AKWA IBOM ,ORON
744,NIGERIA,AKWA IBOM ,ORUK ANAM
846,NIGERIA,AKWA IBOM ,UDUNG-UKO
851,NIGERIA,AKWA IBOM ,UKANAFUN
861,NIGERIA,AKWA IBOM ,URUAN
862,NIGERIA,AKWA IBOM ,URUE-OFFONG/ORUKO
866,NIGERIA,AKWA IBOM ,UYO
150,NIGERIA,ANAMBRA ,AGUATA
175,NIGERIA,ANAMBRA ,ANAMBRA EAST
176,NIGERIA,ANAMBRA ,ANAMBRA WEST
177,NIGERIA,ANAMBRA ,ANAOCHA
202,NIGERIA,ANAMBRA ,AWKA NORTH
203,NIGERIA,ANAMBRA ,AWKA SOUTH
204,NIGERIA,ANAMBRA ,AYAMELUM
291,NIGERIA,ANAMBRA ,DUNUKOFIA
319,NIGERIA,ANAMBRA ,EKWUSIGO
424,NIGERIA,ANAMBRA ,IDEMILI NORTH
425,NIGERIA,ANAMBRA ,IDEMILI SOUTH
440,NIGERIA,ANAMBRA ,IHIALA
660,NIGERIA,ANAMBRA ,NJIKOKA
664,NIGERIA,ANAMBRA ,NNEWI NORTH
665,NIGERIA,ANAMBRA ,NNEWI SOUTH
692,NIGERIA,ANAMBRA ,OGBARU
730,NIGERIA,ANAMBRA ,ONITSHA NORTH
731,NIGERIA,ANAMBRA ,ONITSHA SOUTH
745,NIGERIA,ANAMBRA ,ORUMBA NORTH
746,NIGERIA,ANAMBRA ,ORUMBA SOUTH
764,NIGERIA,ANAMBRA ,OYI
173,NIGERIA,BAUCHI ,ALKALERI
225,NIGERIA,BAUCHI ,BAUCHI
244,NIGERIA,BAUCHI ,BOGORO
270,NIGERIA,BAUCHI ,DAMBAN
278,NIGERIA,BAUCHI ,DARAZO
279,NIGERIA,BAUCHI ,DASS
360,NIGERIA,BAUCHI ,GAMAWA
361,NIGERIA,BAUCHI ,GANJUWA
375,NIGERIA,BAUCHI ,GIADE
500,NIGERIA,BAUCHI ,ITAS/GADAU
512,NIGERIA,BAUCHI ,JAMA'ARE
545,NIGERIA,BAUCHI ,KATAGUM
558,NIGERIA,BAUCHI ,KIRFI
631,NIGERIA,BAUCHI ,MISAU
658,NIGERIA,BAUCHI ,NINGI
807,NIGERIA,BAUCHI ,SHIRA
824,NIGERIA,BAUCHI ,TAFAWA BALEWA
837,NIGERIA,BAUCHI ,TORO
872,NIGERIA,BAUCHI ,WARJI
896,NIGERIA,BAUCHI ,ZAKI
253,NIGERIA,BAYELSA ,BRASS
313,NIGERIA,BAYELSA ,EKEREMOR
565,NIGERIA,BAYELSA ,KOLOKUMA/OPOKUMA
652,NIGERIA,BAYELSA ,NEMBE
693,NIGERIA,BAYELSA ,OGBIA
791,NIGERIA,BAYELSA ,SAGBAMA
816,NIGERIA,BAYELSA ,SOUTHERN IJAW
890,NIGERIA,BAYELSA ,YENAGOA
186,NIGERIA,BENUE ,ADO
147,NIGERIA,BENUE ,AGATU
184,NIGERIA,BENUE ,APA
256,NIGERIA,BENUE ,BURUKU
372,NIGERIA,BENUE ,GBOKO
386,NIGERIA,BENUE ,GUMA
399,NIGERIA,BENUE ,GWER EAST
400,NIGERIA,BENUE ,GWER WEST
548,NIGERIA,BENUE ,KATSINA-ALA
567,NIGERIA,BENUE ,KONSHISHA
582,NIGERIA,BENUE ,KWANDE
597,NIGERIA,BENUE ,LOGO
618,NIGERIA,BENUE ,MAKURDI
675,NIGERIA,BENUE ,OBI
691,NIGERIA,BENUE ,OGBADIBO
706,NIGERIA,BENUE ,OHIMINI
710,NIGERIA,BENUE ,OJU
733,NIGERIA,BENUE ,OKPOKWU
754,NIGERIA,BENUE ,OTURKPO
832,NIGERIA,BENUE ,TARKA
852,NIGERIA,BENUE ,UKUM
863,NIGERIA,BENUE ,USHONGO
868,NIGERIA,BENUE ,VANDEIKYA
129,NIGERIA,BORNO ,ABADAM
193,NIGERIA,BORNO ,ASKIRA/UBA
217,NIGERIA,BORNO ,BAMA
227,NIGERIA,BORNO ,BAYO
242,NIGERIA,BORNO ,BIU
266,NIGERIA,BORNO ,CHIBOK
272,NIGERIA,BORNO ,DAMBOA
286,NIGERIA,BORNO ,DIKWA
382,NIGERIA,BORNO ,GUBIO
392,NIGERIA,BORNO ,GUZAMALA
402,NIGERIA,BORNO ,GWOZA
404,NIGERIA,BORNO ,HAWUL
515,NIGERIA,BORNO ,JERE
527,NIGERIA,BORNO ,KAGA
533,NIGERIA,BORNO ,KALA/BALGE
566,NIGERIA,BORNO ,KONDUGA
574,NIGERIA,BORNO ,KUKAWA
585,NIGERIA,BORNO ,KWAYA KUSAR
602,NIGERIA,BORNO ,MAFA
604,NIGERIA,BORNO ,MAGUMERI
606,NIGERIA,BORNO ,MAIDUGURI
619,NIGERIA,BORNO ,MARTE
633,NIGERIA,BORNO ,MOBBAR
637,NIGERIA,BORNO ,MONGUNO
653,NIGERIA,BORNO ,NGALA
654,NIGERIA,BORNO ,NGANZAI
802,NIGERIA,BORNO ,SHANI
137,NIGERIA,CROSS RIVER ,ABI
157,NIGERIA,CROSS RIVER ,AKAMKPA
165,NIGERIA,CROSS RIVER ,AKPABUYO
211,NIGERIA,CROSS RIVER ,BAKASSI
229,NIGERIA,CROSS RIVER ,BEKWARRA
231,NIGERIA,CROSS RIVER ,BIASE
245,NIGERIA,CROSS RIVER ,BOKI
262,NIGERIA,CROSS RIVER ,CALABAR MUNICIPAL
263,NIGERIA,CROSS RIVER ,CALABAR SOUTH
343,NIGERIA,CROSS RIVER ,ETUNG
458,NIGERIA,CROSS RIVER ,IKOM
673,NIGERIA,CROSS RIVER ,OBANLIKU
681,NIGERIA,CROSS RIVER ,OBUBRA
682,NIGERIA,CROSS RIVER ,OBUDU
687,NIGERIA,CROSS RIVER ,ODUKPANI
697,NIGERIA,CROSS RIVER ,OGOJA
885,NIGERIA,CROSS RIVER ,YAKUUR
886,NIGERIA,CROSS RIVER ,YALA
180,NIGERIA,DELTA ,ANIOCHA NORTH
181,NIGERIA,DELTA ,ANIOCHA SOUTH
247,NIGERIA,DELTA ,BOMADI
260,NIGERIA,DELTA ,BURUTU
335,NIGERIA,DELTA ,ETHIOPE EAST
336,NIGERIA,DELTA ,ETHIOPE WEST
450,NIGERIA,DELTA ,IKA NORTH EAST
452,NIGERIA,DELTA ,IKA SOUTH
496,NIGERIA,DELTA ,ISOKO NORTH
497,NIGERIA,DELTA ,ISOKO SOUTH
650,NIGERIA,DELTA ,NDOKWA EAST
651,NIGERIA,DELTA ,NDOKWA WEST
717,NIGERIA,DELTA ,OKPE
749,NIGERIA,DELTA ,OSHIMILI NORTH
750,NIGERIA,DELTA ,OSHIMILI SOUTH
771,NIGERIA,DELTA ,PATANI
797,NIGERIA,DELTA ,SAPELE, DELTA
845,NIGERIA,DELTA ,UDU
847,NIGERIA,DELTA ,UGHELLI NORTH
848,NIGERIA,DELTA ,UGHELLI SOUTH
855,NIGERIA,DELTA ,UKWUANI
865,NIGERIA,DELTA ,UVWIE
873,NIGERIA,DELTA ,WARRI NORTH
874,NIGERIA,DELTA ,WARRI SOUTH
875,NIGERIA,DELTA ,WARRI SOUTH WEST
132,NIGERIA,EBONYI ,ABAKALIKI
144,NIGERIA,EBONYI ,AFIKPO NORTH
145,NIGERIA,EBONYI ,AFIKPO SOUTH
296,NIGERIA,EBONYI ,EBONYI
347,NIGERIA,EBONYI ,EZZA NORTH
348,NIGERIA,EBONYI ,EZZA SOUTH
465,NIGERIA,EBONYI ,IKWO
489,NIGERIA,EBONYI ,ISHIELU
503,NIGERIA,EBONYI ,IVO
506,NIGERIA,EBONYI ,IZZI
704,NIGERIA,EBONYI ,OHAOZARA
705,NIGERIA,EBONYI ,OHAUKWU
729,NIGERIA,EBONYI ,ONICHA
160,NIGERIA,EDO ,AKOKO-EDO
310,NIGERIA,EDO ,EGOR
327,NIGERIA,EDO ,ESAN CENTRAL
328,NIGERIA,EDO ,ESAN NORTH-EAST
329,NIGERIA,EDO ,ESAN SOUTH-EAST
330,NIGERIA,EDO ,ESAN WEST
340,NIGERIA,EDO ,ETSAKO CENTRAL
341,NIGERIA,EDO ,ETSAKO EAST
342,NIGERIA,EDO ,ETSAKO WEST
439,NIGERIA,EDO ,IGUEBEN
463,NIGERIA,EDO ,IKPOBA OKHA
735,NIGERIA,EDO ,OREDO
707,NIGERIA,EDO ,ORHIONMWON
755,NIGERIA,EDO ,OVIA NORTH-EAST
756,NIGERIA,EDO ,OVIA SOUTH-WEST
757,NIGERIA,EDO ,OWAN EAST
758,NIGERIA,EDO ,OWAN WEST
850,NIGERIA,EDO ,UHUNMWONDE
141,NIGERIA,EKITI ,ADO EKITI
305,NIGERIA,EKITI ,EFON
316,NIGERIA,EKITI ,EKITI EAST
317,NIGERIA,EKITI ,EKITI SOUTH-WEST
318,NIGERIA,EKITI ,EKITI WEST
322,NIGERIA,EKITI ,EMURE
373,NIGERIA,EKITI ,GBONYIN
427,NIGERIA,EKITI ,IDO OSI
447,NIGERIA,EKITI ,IJERO
456,NIGERIA,EKITI ,IKERE
457,NIGERIA,EKITI ,IKOLE
468,NIGERIA,EKITI ,ILEJEMEJE
484,NIGERIA,EKITI ,IREPODUN/IFELODUN
487,NIGERIA,EKITI ,ISE/ORUN
632,NIGERIA,EKITI ,MOBA
763,NIGERIA,EKITI ,OYE
179,NIGERIA,ENUGU ,ANINRI
201,NIGERIA,ENUGU ,AWGU
323,NIGERIA,ENUGU ,ENUGU EAST
324,NIGERIA,ENUGU ,ENUGU NORTH
325,NIGERIA,ENUGU ,ENUGU SOUTH
345,NIGERIA,ENUGU ,EZEAGU
436,NIGERIA,ENUGU ,IGBO ETITI
437,NIGERIA,ENUGU ,IGBO EZE NORTH
438,NIGERIA,ENUGU ,IGBO EZE SOUTH
494,NIGERIA,ENUGU ,ISI UZO
661,NIGERIA,ENUGU ,NKANU EAST
662,NIGERIA,ENUGU ,NKANU WEST
669,NIGERIA,ENUGU ,NSUKKA
708,NIGERIA,ENUGU ,OJI RIVER
843,NIGERIA,ENUGU ,UDENU
844,NIGERIA,ENUGU ,UDI
867,NIGERIA,ENUGU ,UZO UWANI
130,NIGERIA,FCT,ABAJI
261,NIGERIA,FCT,BWARI
394,NIGERIA,FCT,GWAGWALADA
573,NIGERIA,FCT,KUJE
581,NIGERIA,FCT,KWALI
642,NIGERIA,FCT,MUNICIPAL AREA COUNCIL
159,NIGERIA,GOMBE ,AKKO
215,NIGERIA,GOMBE ,BALANGA
234,NIGERIA,GOMBE ,BILLIRI
290,NIGERIA,GOMBE ,DUKKU
354,NIGERIA,GOMBE ,FUNAKAYE
378,NIGERIA,GOMBE ,GOMBE
535,NIGERIA,GOMBE ,KALTUNGO
583,NIGERIA,GOMBE ,KWAMI
645,NIGERIA,GOMBE ,NAFADA
809,NIGERIA,GOMBE ,SHONGOM
887,NIGERIA,GOMBE ,YAMALTU/DEBA
138,NIGERIA,IMO ,ABOH MBAISE
151,NIGERIA,IMO ,AHIAZU MBAISE
311,NIGERIA,IMO ,EHIME MBANO
346,NIGERIA,IMO ,EZINIHITTE
422,NIGERIA,IMO ,IDEATO NORTH
423,NIGERIA,IMO ,IDEATO SOUTH
441,NIGERIA,IMO ,IHITTE/UBOMA
453,NIGERIA,IMO ,IKEDURU
490,NIGERIA,IMO ,ISIALA MBANO
498,NIGERIA,IMO ,ISU
625,NIGERIA,IMO ,MBAITOLI
656,NIGERIA,IMO ,NGOR OKPALA
659,NIGERIA,IMO ,NJABA
663,NIGERIA,IMO ,NKWERRE
671,NIGERIA,IMO ,NWANGELE
680,NIGERIA,IMO ,OBOWO
701,NIGERIA,IMO ,OGUTA
703,NIGERIA,IMO ,OHAJI/EGBEMA
714,NIGERIA,IMO ,OKIGWE
739,NIGERIA,IMO ,ORLU
742,NIGERIA,IMO ,ORSU
743,NIGERIA,IMO ,ORU EAST
747,NIGERIA,IMO ,ORU WEST
759,NIGERIA,IMO ,OWERRI MUNICIPAL
760,NIGERIA,IMO ,OWERRI NORTH
761,NIGERIA,IMO ,OWERRI WEST
860,NIGERIA,IMO ,UNUIMO
199,NIGERIA,JIGAWA ,AUYO
207,NIGERIA,JIGAWA ,BABURA
237,NIGERIA,JIGAWA ,BIRINIWA
240,NIGERIA,JIGAWA ,BIRNIN KUDU
254,NIGERIA,JIGAWA ,BUJI
292,NIGERIA,JIGAWA ,DUTSE
359,NIGERIA,JIGAWA ,GAGARAWA
363,NIGERIA,JIGAWA ,GARKI
387,NIGERIA,JIGAWA ,GUMEL
390,NIGERIA,JIGAWA ,GURI
397,NIGERIA,JIGAWA ,GWARAM
401,NIGERIA,JIGAWA ,GWIWA
403,NIGERIA,JIGAWA ,HADEJIA
509,NIGERIA,JIGAWA ,JAHUN
525,NIGERIA,JIGAWA ,KAFIN HAUSA
570,NIGERIA,JIGAWA ,KAUGAMA
552,NIGERIA,JIGAWA ,KAZAURE
559,NIGERIA,JIGAWA ,KIRI KASAMA
561,NIGERIA,JIGAWA ,KIYAWA
607,NIGERIA,JIGAWA ,MAIGATARI
612,NIGERIA,JIGAWA ,MALAM MADORI
628,NIGERIA,JIGAWA ,MIGA
783,NIGERIA,JIGAWA ,RINGIM
786,NIGERIA,JIGAWA ,RONI
818,NIGERIA,JIGAWA ,SULE TANKARKAR
834,NIGERIA,JIGAWA ,TAURA
888,NIGERIA,JIGAWA ,YANKWASHI
238,NIGERIA,KADUNA ,BIRNIN GWARI
267,NIGERIA,KADUNA ,CHIKUN
376,NIGERIA,KADUNA ,GIWA
434,NIGERIA,KADUNA ,IGABI
451,NIGERIA,KADUNA ,IKARA
507,NIGERIA,KADUNA ,JABA
514,NIGERIA,KADUNA ,JEMA'A
522,NIGERIA,KADUNA ,KACHIA
523,NIGERIA,KADUNA ,KADUNA NORTH
524,NIGERIA,KADUNA ,KADUNA SOUTH
528,NIGERIA,KADUNA ,KAGARKO
532,NIGERIA,KADUNA ,KAJURU
549,NIGERIA,KADUNA ,KAURA
551,NIGERIA,KADUNA ,KAURU
571,NIGERIA,KADUNA ,KUBAU
572,NIGERIA,KADUNA ,KUDAN
596,NIGERIA,KADUNA ,LERE
610,NIGERIA,KADUNA ,MAKARFI
788,NIGERIA,KADUNA ,SABON GARI
796,NIGERIA,KADUNA ,SANGA
812,NIGERIA,KADUNA ,SOBA
898,NIGERIA,KADUNA ,ZANGON KATAF
899,NIGERIA,KADUNA ,ZARIA
156,NIGERIA,KANO ,AJINGI
170,NIGERIA,KANO ,ALBASU
210,NIGERIA,KANO ,BAGWAI
228,NIGERIA,KANO ,BEBEJI
232,NIGERIA,KANO ,BICHI
258,NIGERIA,KANO ,BUNKURE
268,NIGERIA,KANO ,DALA
271,NIGERIA,KANO ,DAMBATTA
281,NIGERIA,KANO ,DAWAKIN KUDU
282,NIGERIA,KANO ,DAWAKIN TOFA
287,NIGERIA,KANO ,DOGUWA
349,NIGERIA,KANO ,FAGGE
357,NIGERIA,KANO ,GABASAWA
364,NIGERIA,KANO ,GARKO
365,NIGERIA,KANO ,GARUN MALLAM
368,NIGERIA,KANO ,GAYA
370,NIGERIA,KANO ,GEZAWA
395,NIGERIA,KANO ,GWALE
398,NIGERIA,KANO ,GWARZO
521,NIGERIA,KANO ,KABO
540,NIGERIA,KANO ,KANO MUNICIPAL
542,NIGERIA,KANO ,KARAYE
557,NIGERIA,KANO ,KIBIYA
560,NIGERIA,KANO ,KIRU
575,NIGERIA,KANO ,KUMBOTSO
577,NIGERIA,KANO ,KUNCHI
578,NIGERIA,KANO ,KURA
601,NIGERIA,KANO ,MADOBI
611,NIGERIA,KANO ,MAKODA
630,NIGERIA,KANO ,MINJIBIR
647,NIGERIA,KANO ,NASARAWA
778,NIGERIA,KANO ,RANO
782,NIGERIA,KANO ,RIMIN GADO
785,NIGERIA,KANO ,ROGO
803,NIGERIA,KANO ,SHANONO
819,NIGERIA,KANO ,SUMAILA
826,NIGERIA,KANO ,TAKAI
831,NIGERIA,KANO ,TARAUNI
836,NIGERIA,KANO ,TOFA
840,NIGERIA,KANO ,TSANYAWA
841,NIGERIA,KANO ,TUDUN WADA
859,NIGERIA,KANO ,UNGOGO
871,NIGERIA,KANO ,WARAWA
878,NIGERIA,KANO ,WUDIL
213,NIGERIA,KATSINA ,BAKORI
223,NIGERIA,KATSINA ,BATAGARAWA
224,NIGERIA,KATSINA ,BATSARI
226,NIGERIA,KATSINA ,BAURE
235,NIGERIA,KATSINA ,BINDAWA
265,NIGERIA,KATSINA ,CHARANCHI
277,NIGERIA,KATSINA ,DAN MUSA
274,NIGERIA,KATSINA ,DANDUME
276,NIGERIA,KATSINA ,DANJA
280,NIGERIA,KATSINA ,DAURA
293,NIGERIA,KATSINA ,DUTSI
294,NIGERIA,KATSINA ,DUTSIN MA
351,NIGERIA,KATSINA ,FASKARI
356,NIGERIA,KATSINA ,FUNTUA
477,NIGERIA,KATSINA ,INGAWA
516,NIGERIA,KATSINA ,JIBIA
526,NIGERIA,KATSINA ,KAFUR
530,NIGERIA,KATSINA ,KAITA
537,NIGERIA,KATSINA ,KANKARA
539,NIGERIA,KATSINA ,KANKIA
547,NIGERIA,KATSINA ,KATSINA
579,NIGERIA,KATSINA ,KURFI
580,NIGERIA,KATSINA ,KUSADA
605,NIGERIA,KATSINA ,MAI'ADUA
613,NIGERIA,KATSINA ,MALUMFASHI
615,NIGERIA,KATSINA ,MANI
622,NIGERIA,KATSINA ,MASHI
623,NIGERIA,KATSINA ,MATAZU
643,NIGERIA,KATSINA ,MUSAWA
781,NIGERIA,KATSINA ,RIMI
789,NIGERIA,KATSINA ,SABUWA
790,NIGERIA,KATSINA ,SAFANA
795,NIGERIA,KATSINA ,SANDAMU
897,NIGERIA,KATSINA ,ZANGO
171,NIGERIA,KEBBI ,ALEIRO
188,NIGERIA,KEBBI ,AREWA DANDI
189,NIGERIA,KEBBI ,ARGUNGU
198,NIGERIA,KEBBI ,AUGIE
209,NIGERIA,KEBBI ,BAGUDO
239,NIGERIA,KEBBI ,BIRNIN KEBBI
259,NIGERIA,KEBBI ,BUNZA
273,NIGERIA,KEBBI ,DANDI
350,NIGERIA,KEBBI ,FAKAI
396,NIGERIA,KEBBI ,GWANDU
513,NIGERIA,KEBBI ,JEGA
534,NIGERIA,KEBBI ,KALGO
563,NIGERIA,KEBBI ,KOKO/BESSE
609,NIGERIA,KEBBI ,MAIYAMA
655,NIGERIA,KEBBI ,NGASKI
792,NIGERIA,KEBBI ,SAKABA
801,NIGERIA,KEBBI ,SHANGA
820,NIGERIA,KEBBI ,SURU
876,NIGERIA,KEBBI ,WASAGU/DANKO
889,NIGERIA,KEBBI ,YAURI
902,NIGERIA,KEBBI ,ZURU
140,NIGERIA,KOGI ,ADAVI
154,NIGERIA,KOGI ,AJAOKUTA
183,NIGERIA,KOGI ,ANKPA
221,NIGERIA,KOGI ,BASSA
284,NIGERIA,KOGI ,DEKINA
411,NIGERIA,KOGI ,IBAJI
420,NIGERIA,KOGI ,IDAH
435,NIGERIA,KOGI ,IGALAMELA ODOLU
448,NIGERIA,KOGI ,IJUMU
520,NIGERIA,KOGI ,KABBA/BUNU
562,NIGERIA,KOGI ,KOGI
598,NIGERIA,KOGI ,LOKOJA
638,NIGERIA,KOGI ,MOPA MURO
689,NIGERIA,KOGI ,OFU
699,NIGERIA,KOGI ,OGORI/MAGONGO
711,NIGERIA,KOGI ,OKEHI
712,NIGERIA,KOGI ,OKENE
719,NIGERIA,KOGI ,OLAMABORO
724,NIGERIA,KOGI ,OMALA
883,NIGERIA,KOGI ,YAGBA EAST
884,NIGERIA,KOGI ,YAGBA WEST
191,NIGERIA,KWARA ,ASA
220,NIGERIA,KWARA ,BARUTEN
300,NIGERIA,KWARA ,EDU
315,NIGERIA,KWARA ,EKITI, KWARA STATE
431,NIGERIA,KWARA ,IFELODUN
473,NIGERIA,KWARA ,ILORIN EAST
474,NIGERIA,KWARA ,ILORIN SOUTH
475,NIGERIA,KWARA ,ILORIN WEST
483,NIGERIA,KWARA ,IREPODUN
493,NIGERIA,KWARA ,ISIN
529,NIGERIA,KWARA ,KAIAMA
639,NIGERIA,KWARA ,MORO
688,NIGERIA,KWARA ,OFFA
713,NIGERIA,KWARA ,OKE ERO
768,NIGERIA,KWARA ,OYUN
772,NIGERIA,KWARA ,PATEGI
149,NIGERIA,LAGOS ,AGEGE
155,NIGERIA,LAGOS ,AJEROMI-IFELODUN
172,NIGERIA,LAGOS ,ALIMOSHO
174,NIGERIA,LAGOS ,AMUWO-ODOFIN
185,NIGERIA,LAGOS ,APAPA
208,NIGERIA,LAGOS ,BADAGRY
326,NIGERIA,LAGOS ,EPE
339,NIGERIA,LAGOS ,ETI OSA
415,NIGERIA,LAGOS ,IBEJU-LEKKI
428,NIGERIA,LAGOS ,IFAKO-IJAIYE
454,NIGERIA,LAGOS ,IKEJA
460,NIGERIA,LAGOS ,IKORODU
569,NIGERIA,LAGOS ,KOSOFE
588,NIGERIA,LAGOS ,LAGOS ISLAND
589,NIGERIA,LAGOS ,LAGOS MAINLAND
644,NIGERIA,LAGOS ,MUSHIN
709,NIGERIA,LAGOS ,OJO
751,NIGERIA,LAGOS ,OSHODI-ISOLO
810,NIGERIA,LAGOS ,SHOMOLU
822,NIGERIA,LAGOS ,SURULERE, LAGOS STATE
169,NIGERIA,NASARAWA ,AKWANGA
200,NIGERIA,NASARAWA ,AWE
288,NIGERIA,NASARAWA ,DOMA
544,NIGERIA,NASARAWA ,KARU
553,NIGERIA,NASARAWA ,KEANA
555,NIGERIA,NASARAWA ,KEFFI
564,NIGERIA,NASARAWA ,KOKONA
586,NIGERIA,NASARAWA ,LAFIA
648,NIGERIA,NASARAWA ,NASARAWA
649,NIGERIA,NASARAWA ,NASARAWA EGON
674,NIGERIA,NASARAWA ,OBI
838,NIGERIA,NASARAWA ,TOTO
870,NIGERIA,NASARAWA ,WAMBA
146,NIGERIA,NIGER ,AGAIE
148,NIGERIA,NIGER ,AGWARA
233,NIGERIA,NIGER ,BIDA
249,NIGERIA,NIGER ,BORGU
252,NIGERIA,NIGER ,BOSSO
264,NIGERIA,NIGER ,CHANCHAGA
297,NIGERIA,NIGER ,EDATI
371,NIGERIA,NIGER ,GBAKO
389,NIGERIA,NIGER ,GURARA
546,NIGERIA,NIGER ,KATCHA
568,NIGERIA,NIGER ,KONTAGORA
592,NIGERIA,NIGER ,LAPAI
595,NIGERIA,NIGER ,LAVUN
603,NIGERIA,NIGER ,MAGAMA
617,NIGERIA,NIGER ,MARIGA
621,NIGERIA,NIGER ,MASHEGU
636,NIGERIA,NIGER ,MOKWA
640,NIGERIA,NIGER ,MOYA
769,NIGERIA,NIGER ,PAIKORO
777,NIGERIA,NIGER ,RAFI
780,NIGERIA,NIGER ,RIJAU
808,NIGERIA,NIGER ,SHIRORO
817,NIGERIA,NIGER ,SULEJA
823,NIGERIA,NIGER ,TAFA
881,NIGERIA,NIGER ,WUSHISHI
135,NIGERIA,OGUN ,ABEOKUTA NORTH
136,NIGERIA,OGUN ,ABEOKUTA SOUTH
142,NIGERIA,OGUN ,ADO-ODO/OTA
306,NIGERIA,OGUN ,EGBADO NORTH
307,NIGERIA,OGUN ,EGBADO SOUTH
344,NIGERIA,OGUN ,EWEKORO
433,NIGERIA,OGUN ,IFO
443,NIGERIA,OGUN ,IJEBU EAST
444,NIGERIA,OGUN ,IJEBU NORTH
445,NIGERIA,OGUN ,IJEBU NORTH EAST
446,NIGERIA,OGUN ,IJEBU ODE
455,NIGERIA,OGUN ,IKENNE
476,NIGERIA,OGUN ,IMEKO AFON
479,NIGERIA,OGUN ,IPOKIA
672,NIGERIA,OGUN ,OBAFEMI OWODE
683,NIGERIA,OGUN ,ODEDA
685,NIGERIA,OGUN ,ODOGBOLU
700,NIGERIA,OGUN ,OGUN WATERSIDE
779,NIGERIA,OGUN ,REMO NORTH
799,NIGERIA,OGUN ,SHAGAMU
161,NIGERIA,ONDO ,AKOKO NORTH-EAST
162,NIGERIA,ONDO ,AKOKO NORTH-WEST
164,NIGERIA,ONDO ,AKOKO SOUTH-EAST
163,NIGERIA,ONDO ,AKOKO SOUTH-WEST
167,NIGERIA,ONDO ,AKURE NORTH
168,NIGERIA,ONDO ,AKURE SOUTH
331,NIGERIA,ONDO ,ESE ODO
421,NIGERIA,ONDO ,IDANRE
430,NIGERIA,ONDO ,IFEDORE
442,NIGERIA,ONDO ,ILAJE
469,NIGERIA,ONDO ,ILE OLUJI/OKEIGBO
480,NIGERIA,ONDO ,IRELE
684,NIGERIA,ONDO ,ODIGBO
715,NIGERIA,ONDO ,OKITIPUPA
727,NIGERIA,ONDO ,ONDO EAST
728,NIGERIA,ONDO ,ONDO WEST
748,NIGERIA,ONDO ,OSE
762,NIGERIA,ONDO ,OWO
205,NIGERIA,OSUN ,AIYEDAADE
206,NIGERIA,OSUN ,AIYEDIRE
194,NIGERIA,OSUN ,ATAKUNMOSA EAST
195,NIGERIA,OSUN ,ATAKUNMOSA WEST
246,NIGERIA,OSUN ,BOLUWADURO
250,NIGERIA,OSUN ,BORIPE
298,NIGERIA,OSUN ,EDE NORTH
299,NIGERIA,OSUN ,EDE SOUTH
309,NIGERIA,OSUN ,EGBEDORE
312,NIGERIA,OSUN ,EJIGBO
301,NIGERIA,OSUN ,IFE CENTRAL
302,NIGERIA,OSUN ,IFE EAST
303,NIGERIA,OSUN ,IFE NORTH
304,NIGERIA,OSUN ,IFE SOUTH
429,NIGERIA,OSUN ,IFEDAYO
432,NIGERIA,OSUN ,IFELODUN
467,NIGERIA,OSUN ,ILA
470,NIGERIA,OSUN ,ILESA EAST
471,NIGERIA,OSUN ,ILESA WEST
482,NIGERIA,OSUN ,IREPODUN
485,NIGERIA,OSUN ,IREWOLE
495,NIGERIA,OSUN ,ISOKAN
505,NIGERIA,OSUN ,IWO
678,NIGERIA,OSUN ,OBOKUN
686,NIGERIA,OSUN ,ODO OTIN
720,NIGERIA,OSUN ,OLA OLUWA
721,NIGERIA,OSUN ,OLORUNDA
737,NIGERIA,OSUN ,ORIADE
740,NIGERIA,OSUN ,OROLU
753,NIGERIA,OSUN ,OSOGBO
143,NIGERIA,OYO ,AFIJIO
158,NIGERIA,OYO ,AKINYELE
196,NIGERIA,OYO ,ATIBA
197,NIGERIA,OYO ,ATISBO
308,NIGERIA,OYO ,EGBEDA
406,NIGERIA,OYO ,IBADAN NORTH
407,NIGERIA,OYO ,IBADAN NORTH-EAST
408,NIGERIA,OYO ,IBADAN NORTH-WEST
409,NIGERIA,OYO ,IBADAN SOUTH-EAST
410,NIGERIA,OYO ,IBADAN SOUTH-WEST
412,NIGERIA,OYO ,IBARAPA CENTRAL
413,NIGERIA,OYO ,IBARAPA EAST
414,NIGERIA,OYO ,IBARAPA NORTH
426,NIGERIA,OYO ,IDO
481,NIGERIA,OYO ,IREPO
488,NIGERIA,OYO ,ISEYIN
501,NIGERIA,OYO ,ITESIWAJU
504,NIGERIA,OYO ,IWAJOWA
531,NIGERIA,OYO ,KAJOLA
587,NIGERIA,OYO ,LAGELU
694,NIGERIA,OYO ,OGBOMOSHO NORTH
695,NIGERIA,OYO ,OGBOMOSHO SOUTH
698,NIGERIA,OYO ,OGO OLUWA
722,NIGERIA,OYO ,OLORUNSOGO
723,NIGERIA,OYO ,OLUYOLE
726,NIGERIA,OYO ,ONA ARA
736,NIGERIA,OYO ,ORELOPE
738,NIGERIA,OYO ,ORI IRE
766,NIGERIA,OYO ,OYO
767,NIGERIA,OYO ,OYO EAST
793,NIGERIA,OYO ,SAKI EAST
794,NIGERIA,OYO ,SAKI WEST
821,NIGERIA,OYO ,SURULERE, OYO STATE
219,NIGERIA,PLATEAU ,BARKIN LADI
222,NIGERIA,PLATEAU ,BASSA
212,NIGERIA,PLATEAU ,BOKKOS
517,NIGERIA,PLATEAU ,JOS EAST
518,NIGERIA,PLATEAU ,JOS NORTH
519,NIGERIA,PLATEAU ,JOS SOUTH
536,NIGERIA,PLATEAU ,KANAM
538,NIGERIA,PLATEAU ,KANKE
591,NIGERIA,PLATEAU ,LANGTANG NORTH
590,NIGERIA,PLATEAU ,LANGTANG SOUTH
614,NIGERIA,PLATEAU ,MANGU
629,NIGERIA,PLATEAU ,MIKANG
770,NIGERIA,PLATEAU ,PANKSHIN
775,NIGERIA,PLATEAU ,QUA'AN PAN
784,NIGERIA,PLATEAU ,RIYOM
805,NIGERIA,PLATEAU ,SHENDAM
877,NIGERIA,PLATEAU ,WASE
139,NIGERIA,RIVERS ,ABUA/ODUAL
152,NIGERIA,RIVERS ,AHOADA EAST
153,NIGERIA,RIVERS ,AHOADA WEST
166,NIGERIA,RIVERS ,AKUKU-TORU
178,NIGERIA,RIVERS ,ANDONI
192,NIGERIA,RIVERS ,ASARI-TORU
248,NIGERIA,RIVERS ,BONNY
283,NIGERIA,RIVERS ,DEGEMA
320,NIGERIA,RIVERS ,ELEME
321,NIGERIA,RIVERS ,EMUOHA
334,NIGERIA,RIVERS ,ETCHE
377,NIGERIA,RIVERS ,GOKANA
464,NIGERIA,RIVERS ,IKWERRE
556,NIGERIA,RIVERS ,KHANA
677,NIGERIA,RIVERS ,OBIO/AKPOR
690,NIGERIA,RIVERS ,OGBA/EGBEMA/NDONI
696,NIGERIA,RIVERS ,OGU/BOLO
718,NIGERIA,RIVERS ,OKRIKA
725,NIGERIA,RIVERS ,OMUMA
734,NIGERIA,RIVERS ,OPOBO/NKORO
765,NIGERIA,RIVERS ,OYIGBO
773,NIGERIA,RIVERS ,PORT HARCOURT
825,NIGERIA,RIVERS ,TAI
236,NIGERIA,SOKOTO ,BINJI
243,NIGERIA,SOKOTO ,BODINGA
275,NIGERIA,SOKOTO ,DANGE SHUNI
358,NIGERIA,SOKOTO ,GADA
380,NIGERIA,SOKOTO ,GORONYO
383,NIGERIA,SOKOTO ,GUDU
393,NIGERIA,SOKOTO ,GWADABAWA
472,NIGERIA,SOKOTO ,ILLELA
486,NIGERIA,SOKOTO ,ISA
554,NIGERIA,SOKOTO ,KEBBE
584,NIGERIA,SOKOTO ,KWARE
776,NIGERIA,SOKOTO ,RABAH
787,NIGERIA,SOKOTO ,SABON BIRNI
800,NIGERIA,SOKOTO ,SHAGARI
811,NIGERIA,SOKOTO ,SILAME
813,NIGERIA,SOKOTO ,SOKOTO NORTH
814,NIGERIA,SOKOTO ,SOKOTO SOUTH
829,NIGERIA,SOKOTO ,TAMBUWAL
830,NIGERIA,SOKOTO ,TANGAZA
842,NIGERIA,SOKOTO ,TURETA
869,NIGERIA,SOKOTO ,WAMAKO
880,NIGERIA,SOKOTO ,WURNO
882,NIGERIA,SOKOTO ,YABO
187,NIGERIA,TARABA ,ARDO KOLA
216,NIGERIA,TARABA ,BALI
289,NIGERIA,TARABA ,DONGA
366,NIGERIA,TARABA ,GASHAKA
367,NIGERIA,TARABA ,GASSOL
418,NIGERIA,TARABA ,IBI
511,NIGERIA,TARABA ,JALINGO
543,NIGERIA,TARABA ,KARIM LAMIDO
576,NIGERIA,TARABA ,KUMI
594,NIGERIA,TARABA ,LAU
798,NIGERIA,TARABA ,SARDAUNA
827,NIGERIA,TARABA ,TAKUM
864,NIGERIA,TARABA ,USSA
879,NIGERIA,TARABA ,WUKARI
893,NIGERIA,TARABA ,YORRO
900,NIGERIA,TARABA ,ZING
218,NIGERIA,YOBE ,BADE
251,NIGERIA,YOBE ,BURSARI
269,NIGERIA,YOBE ,DAMATURU
352,NIGERIA,YOBE ,FIKA
355,NIGERIA,YOBE ,FUNE
374,NIGERIA,YOBE ,GEIDAM
384,NIGERIA,YOBE ,GUJBA
385,NIGERIA,YOBE ,GULANI
510,NIGERIA,YOBE ,JAKUSKO
541,NIGERIA,YOBE ,KARASUWA
599,NIGERIA,YOBE ,MACHINA
646,NIGERIA,YOBE ,NANGERE
657,NIGERIA,YOBE ,NGURU
774,NIGERIA,YOBE ,POTISKUM
833,NIGERIA,YOBE ,TARMUWA
894,NIGERIA,YOBE ,YUNUSARI
895,NIGERIA,YOBE ,YUSUFARI
182,NIGERIA,ZAMFARA ,ANKA
214,NIGERIA,ZAMFARA ,BAKURA
241,NIGERIA,ZAMFARA ,BIRNIN MAGAJI/KIYAW
255,NIGERIA,ZAMFARA ,BUKKUYUM
257,NIGERIA,ZAMFARA ,BUNGUDU
839,NIGERIA,ZAMFARA ,CHAFE
388,NIGERIA,ZAMFARA ,GUMMI
391,NIGERIA,ZAMFARA ,GUSAU
550,NIGERIA,ZAMFARA ,KAURA NAMODA
616,NIGERIA,ZAMFARA ,MARADUN
620,NIGERIA,ZAMFARA ,MARU
806,NIGERIA,ZAMFARA ,SHINKAFI
828,NIGERIA,ZAMFARA ,TALATA MAFARA
901,NIGERIA,ZAMFARA ,ZURMI
