<?xml version="1.0" encoding="UTF-8"?><?xml-stylesheet type='text/xsl' href='_UpgradeReport_Files/UpgradeReport.xslt'?><UpgradeLog>
<Properties><Property Name="Solution" Value="DCM">
</Property><Property Name="Solution File" Value="C:\DCM\DCM\DCM\DCM.sln">
</Property><Property Name="User Options File" Value="C:\DCM\DCM\DCM\DCM.suo">
</Property><Property Name="Date" Value="Sunday, July 26, 2015">
</Property><Property Name="Time" Value="9:31 AM">
</Property></Properties><Event ErrorLevel="0" Project="" Source="DCM.sln" Description="File successfully backed up as C:\DCM\DCM_NEW\Backup\DCM.sln">
</Event><Event ErrorLevel="0" Project="" Source="DCM.suo" Description="File successfully backed up as C:\DCM\DCM_NEW\Backup\DCM.suo">
</Event><Event ErrorLevel="0" Project="DCM" Source="DCM\DCM.csproj" Description="Project file successfully backed up as C:\DCM\DCM_NEW\Backup\DCM\DCM.csproj">
</Event><Event ErrorLevel="0" Project="DCM" Source="DCM\Depandent.cs" Description="File successfully backed up as C:\DCM\DCM_NEW\Backup\DCM\Depandent.cs">
</Event><Event ErrorLevel="0" Project="DCM" Source="DCM\Depandent.Designer.cs" Description="File successfully backed up as C:\DCM\DCM_NEW\Backup\DCM\Depandent.Designer.cs">
</Event><Event ErrorLevel="0" Project="DCM" Source="DCM\Form1.cs" Description="File successfully backed up as C:\DCM\DCM_NEW\Backup\DCM\Form1.cs">
</Event><Event ErrorLevel="0" Project="DCM" Source="DCM\Form1.Designer.cs" Description="File successfully backed up as C:\DCM\DCM_NEW\Backup\DCM\Form1.Designer.cs">
</Event><Event ErrorLevel="0" Project="DCM" Source="DCM\Form2.cs" Description="File successfully backed up as C:\DCM\DCM_NEW\Backup\DCM\Form2.cs">
</Event><Event ErrorLevel="0" Project="DCM" Source="DCM\Form2.Designer.cs" Description="File successfully backed up as C:\DCM\DCM_NEW\Backup\DCM\Form2.Designer.cs">
</Event><Event ErrorLevel="0" Project="DCM" Source="DCM\mainform.cs" Description="File successfully backed up as C:\DCM\DCM_NEW\Backup\DCM\mainform.cs">
</Event><Event ErrorLevel="0" Project="DCM" Source="DCM\mainform.Designer.cs" Description="File successfully backed up as C:\DCM\DCM_NEW\Backup\DCM\mainform.Designer.cs">
</Event><Event ErrorLevel="0" Project="DCM" Source="DCM\MemberDepartment.cs" Description="File successfully backed up as C:\DCM\DCM_NEW\Backup\DCM\MemberDepartment.cs">
</Event><Event ErrorLevel="0" Project="DCM" Source="DCM\MemberDepartment.Designer.cs" Description="File successfully backed up as C:\DCM\DCM_NEW\Backup\DCM\MemberDepartment.Designer.cs">
</Event><Event ErrorLevel="0" Project="DCM" Source="DCM\Program.cs" Description="File successfully backed up as C:\DCM\DCM_NEW\Backup\DCM\Program.cs">
</Event><Event ErrorLevel="0" Project="DCM" Source="DCM\Properties\AssemblyInfo.cs" Description="File successfully backed up as C:\DCM\DCM_NEW\Backup\DCM\Properties\AssemblyInfo.cs">
</Event><Event ErrorLevel="0" Project="DCM" Source="DCM\Properties\Resources.Designer.cs" Description="File successfully backed up as C:\DCM\DCM_NEW\Backup\DCM\Properties\Resources.Designer.cs">
</Event><Event ErrorLevel="0" Project="DCM" Source="DCM\Properties\Settings.Designer.cs" Description="File successfully backed up as C:\DCM\DCM_NEW\Backup\DCM\Properties\Settings.Designer.cs">
</Event><Event ErrorLevel="0" Project="DCM" Source="DCM\Properties\Settings.settings" Description="File successfully backed up as C:\DCM\DCM_NEW\Backup\DCM\Properties\Settings.settings">
</Event><Event ErrorLevel="0" Project="DCM" Source="DCM\Depandent.resx" Description="File successfully backed up as C:\DCM\DCM_NEW\Backup\DCM\Depandent.resx">
</Event><Event ErrorLevel="0" Project="DCM" Source="DCM\Form1.resx" Description="File successfully backed up as C:\DCM\DCM_NEW\Backup\DCM\Form1.resx">
</Event><Event ErrorLevel="0" Project="DCM" Source="DCM\Form2.resx" Description="File successfully backed up as C:\DCM\DCM_NEW\Backup\DCM\Form2.resx">
</Event><Event ErrorLevel="0" Project="DCM" Source="DCM\mainform.resx" Description="File successfully backed up as C:\DCM\DCM_NEW\Backup\DCM\mainform.resx">
</Event><Event ErrorLevel="0" Project="DCM" Source="DCM\MemberDepartment.resx" Description="File successfully backed up as C:\DCM\DCM_NEW\Backup\DCM\MemberDepartment.resx">
</Event><Event ErrorLevel="0" Project="DCM" Source="DCM\Properties\Resources.resx" Description="File successfully backed up as C:\DCM\DCM_NEW\Backup\DCM\Properties\Resources.resx">
</Event><Event ErrorLevel="1" Project="DCM" Source="DCM\DCM.csproj" Description="Your project is targeting .NET Framework 2.0 or 3.0. If your project uses assemblies requiring a newer .NET Framework, your project will fail to build. You can change the .NET Framework version by clicking Properties on the project menu and then selecting a new version in the '.NET Framework' dropdown box. (In Visual Basic, this is located on the Compile tab by clicking the 'Advanced Compiler Options...' button.)">
</Event><Event ErrorLevel="0" Project="DCM" Source="DCM\DCM.csproj" Description="Project converted successfully">
</Event><Event ErrorLevel="3" Project="DCM" Source="DCM\DCM.csproj" Description="Converted">
</Event><Event ErrorLevel="0" Project="" Source="DCM.sln" Description="Solution converted successfully">
</Event><Event ErrorLevel="3" Project="" Source="DCM.sln" Description="Converted">
</Event><Event ErrorLevel="0" Project="DCM" Source="DCM\DCM.csproj" Description="Scan complete: Upgrade not required for project files.">
</Event></UpgradeLog>